2025-07-24 09:22:52,563 INFO: Copied text file: /Users/sap/Dropbox/Projects/HomeBase2025/hb-master/license.md -> /Users/sap/Dropbox/Projects/HomeBase2025/hb-master-textonly/license.md
2025-07-24 09:22:52,565 INFO: Copied small/unknown file: /Users/sap/Dropbox/Projects/HomeBase2025/hb-master/composer.lock -> /Users/sap/Dropbox/Projects/HomeBase2025/hb-master-textonly/composer.lock
2025-07-24 09:22:52,566 INFO: Copied small/unknown file: /Users/sap/Dropbox/Projects/HomeBase2025/hb-master/.DS_Store -> /Users/sap/Dropbox/Projects/HomeBase2025/hb-master-textonly/.DS_Store
2025-07-24 09:22:52,567 INFO: Copied text file: /Users/sap/Dropbox/Projects/HomeBase2025/hb-master/index.php -> /Users/sap/Dropbox/Projects/HomeBase2025/hb-master-textonly/index.php
2025-07-24 09:22:52,568 INFO: Copied small/unknown file: /Users/sap/Dropbox/Projects/HomeBase2025/hb-master/.editorconfig -> /Users/sap/Dropbox/Projects/HomeBase2025/hb-master-textonly/.editorconfig
2025-07-24 09:22:52,569 INFO: Copied text file: /Users/sap/Dropbox/Projects/HomeBase2025/hb-master/readme.md -> /Users/sap/Dropbox/Projects/HomeBase2025/hb-master-textonly/readme.md
2025-07-24 09:22:52,571 INFO: Copied small/unknown file: /Users/sap/Dropbox/Projects/HomeBase2025/hb-master/yarn.lock -> /Users/sap/Dropbox/Projects/HomeBase2025/hb-master-textonly/yarn.lock
2025-07-24 09:22:52,572 INFO: Copied small/unknown file: /Users/sap/Dropbox/Projects/HomeBase2025/hb-master/.gitignore -> /Users/sap/Dropbox/Projects/HomeBase2025/hb-master-textonly/.gitignore
2025-07-24 09:22:52,572 INFO: Copied text file: /Users/sap/Dropbox/Projects/HomeBase2025/hb-master/package.json -> /Users/sap/Dropbox/Projects/HomeBase2025/hb-master-textonly/package.json
2025-07-24 09:22:52,573 INFO: Copied small/unknown file: /Users/sap/Dropbox/Projects/HomeBase2025/hb-master/.env -> /Users/sap/Dropbox/Projects/HomeBase2025/hb-master-textonly/.env
2025-07-24 09:22:52,575 INFO: Copied small/unknown file: /Users/sap/Dropbox/Projects/HomeBase2025/hb-master/.gitattributes -> /Users/sap/Dropbox/Projects/HomeBase2025/hb-master-textonly/.gitattributes
2025-07-24 09:22:52,576 INFO: Copied text file: /Users/sap/Dropbox/Projects/HomeBase2025/hb-master/gulpfile.js -> /Users/sap/Dropbox/Projects/HomeBase2025/hb-master-textonly/gulpfile.js
2025-07-24 09:22:52,577 INFO: Copied text file: /Users/sap/Dropbox/Projects/HomeBase2025/hb-master/robots.txt -> /Users/sap/Dropbox/Projects/HomeBase2025/hb-master-textonly/robots.txt
2025-07-24 09:22:52,577 INFO: Copied text file: /Users/sap/Dropbox/Projects/HomeBase2025/hb-master/composer.json -> /Users/sap/Dropbox/Projects/HomeBase2025/hb-master-textonly/composer.json
2025-07-24 09:22:52,579 INFO: Copied small/unknown file: /Users/sap/Dropbox/Projects/HomeBase2025/hb-master/.htaccess -> /Users/sap/Dropbox/Projects/HomeBase2025/hb-master-textonly/.htaccess
2025-07-24 09:22:52,581 INFO: Copied text file: /Users/sap/Dropbox/Projects/HomeBase2025/hb-master/kirby/license.md -> /Users/sap/Dropbox/Projects/HomeBase2025/hb-master-textonly/kirby/license.md
2025-07-24 09:22:52,583 INFO: Copied small/unknown file: /Users/sap/Dropbox/Projects/HomeBase2025/hb-master/kirby/composer.lock -> /Users/sap/Dropbox/Projects/HomeBase2025/hb-master-textonly/kirby/composer.lock
2025-07-24 09:22:52,584 INFO: Copied small/unknown file: /Users/sap/Dropbox/Projects/HomeBase2025/hb-master/kirby/.DS_Store -> /Users/sap/Dropbox/Projects/HomeBase2025/hb-master-textonly/kirby/.DS_Store
2025-07-24 09:22:52,585 INFO: Copied text file: /Users/sap/Dropbox/Projects/HomeBase2025/hb-master/kirby/phpunit.xml -> /Users/sap/Dropbox/Projects/HomeBase2025/hb-master-textonly/kirby/phpunit.xml
2025-07-24 09:22:52,587 INFO: Copied text file: /Users/sap/Dropbox/Projects/HomeBase2025/hb-master/kirby/kirby.php -> /Users/sap/Dropbox/Projects/HomeBase2025/hb-master-textonly/kirby/kirby.php
2025-07-24 09:22:52,588 INFO: Copied text file: /Users/sap/Dropbox/Projects/HomeBase2025/hb-master/kirby/bootstrap.php -> /Users/sap/Dropbox/Projects/HomeBase2025/hb-master-textonly/kirby/bootstrap.php
2025-07-24 09:22:52,589 INFO: Copied text file: /Users/sap/Dropbox/Projects/HomeBase2025/hb-master/kirby/system.php -> /Users/sap/Dropbox/Projects/HomeBase2025/hb-master-textonly/kirby/system.php
2025-07-24 09:22:52,590 INFO: Copied text file: /Users/sap/Dropbox/Projects/HomeBase2025/hb-master/kirby/readme.md -> /Users/sap/Dropbox/Projects/HomeBase2025/hb-master-textonly/kirby/readme.md
2025-07-24 09:22:52,590 INFO: Copied text file: /Users/sap/Dropbox/Projects/HomeBase2025/hb-master/kirby/composer.php -> /Users/sap/Dropbox/Projects/HomeBase2025/hb-master-textonly/kirby/composer.php
2025-07-24 09:22:52,592 INFO: Copied small/unknown file: /Users/sap/Dropbox/Projects/HomeBase2025/hb-master/kirby/.gitignore -> /Users/sap/Dropbox/Projects/HomeBase2025/hb-master-textonly/kirby/.gitignore
2025-07-24 09:22:52,592 INFO: Copied text file: /Users/sap/Dropbox/Projects/HomeBase2025/hb-master/kirby/helpers.php -> /Users/sap/Dropbox/Projects/HomeBase2025/hb-master-textonly/kirby/helpers.php
2025-07-24 09:22:52,593 INFO: Copied text file: /Users/sap/Dropbox/Projects/HomeBase2025/hb-master/kirby/.travis.yml -> /Users/sap/Dropbox/Projects/HomeBase2025/hb-master-textonly/kirby/.travis.yml
2025-07-24 09:22:52,594 INFO: Copied text file: /Users/sap/Dropbox/Projects/HomeBase2025/hb-master/kirby/classmap.php -> /Users/sap/Dropbox/Projects/HomeBase2025/hb-master-textonly/kirby/classmap.php
2025-07-24 09:22:52,596 INFO: Copied text file: /Users/sap/Dropbox/Projects/HomeBase2025/hb-master/kirby/composer.json -> /Users/sap/Dropbox/Projects/HomeBase2025/hb-master-textonly/kirby/composer.json
2025-07-24 09:22:52,601 INFO: Copied text file: /Users/sap/Dropbox/Projects/HomeBase2025/hb-master/kirby/kirby/event.php -> /Users/sap/Dropbox/Projects/HomeBase2025/hb-master-textonly/kirby/kirby/event.php
2025-07-24 09:22:52,602 INFO: Copied text file: /Users/sap/Dropbox/Projects/HomeBase2025/hb-master/kirby/kirby/errorhandling.php -> /Users/sap/Dropbox/Projects/HomeBase2025/hb-master-textonly/kirby/kirby/errorhandling.php
2025-07-24 09:22:52,603 INFO: Copied text file: /Users/sap/Dropbox/Projects/HomeBase2025/hb-master/kirby/kirby/registry.php -> /Users/sap/Dropbox/Projects/HomeBase2025/hb-master-textonly/kirby/kirby/registry.php
2025-07-24 09:22:52,605 INFO: Copied text file: /Users/sap/Dropbox/Projects/HomeBase2025/hb-master/kirby/kirby/urls.php -> /Users/sap/Dropbox/Projects/HomeBase2025/hb-master-textonly/kirby/kirby/urls.php
2025-07-24 09:22:52,607 INFO: Copied text file: /Users/sap/Dropbox/Projects/HomeBase2025/hb-master/kirby/kirby/request.php -> /Users/sap/Dropbox/Projects/HomeBase2025/hb-master-textonly/kirby/kirby/request.php
2025-07-24 09:22:52,608 INFO: Copied text file: /Users/sap/Dropbox/Projects/HomeBase2025/hb-master/kirby/kirby/component.php -> /Users/sap/Dropbox/Projects/HomeBase2025/hb-master-textonly/kirby/kirby/component.php
2025-07-24 09:22:52,609 INFO: Copied text file: /Users/sap/Dropbox/Projects/HomeBase2025/hb-master/kirby/kirby/roots.php -> /Users/sap/Dropbox/Projects/HomeBase2025/hb-master-textonly/kirby/kirby/roots.php
2025-07-24 09:22:52,610 INFO: Copied text file: /Users/sap/Dropbox/Projects/HomeBase2025/hb-master/kirby/kirby/traits/image.php -> /Users/sap/Dropbox/Projects/HomeBase2025/hb-master-textonly/kirby/kirby/traits/image.php
2025-07-24 09:22:52,611 INFO: Copied text file: /Users/sap/Dropbox/Projects/HomeBase2025/hb-master/kirby/kirby/component/smartypants.php -> /Users/sap/Dropbox/Projects/HomeBase2025/hb-master-textonly/kirby/kirby/component/smartypants.php
2025-07-24 09:22:52,612 INFO: Copied text file: /Users/sap/Dropbox/Projects/HomeBase2025/hb-master/kirby/kirby/component/markdown.php -> /Users/sap/Dropbox/Projects/HomeBase2025/hb-master-textonly/kirby/kirby/component/markdown.php
2025-07-24 09:22:52,613 INFO: Copied text file: /Users/sap/Dropbox/Projects/HomeBase2025/hb-master/kirby/kirby/component/response.php -> /Users/sap/Dropbox/Projects/HomeBase2025/hb-master-textonly/kirby/kirby/component/response.php
2025-07-24 09:22:52,613 INFO: Copied text file: /Users/sap/Dropbox/Projects/HomeBase2025/hb-master/kirby/kirby/component/js.php -> /Users/sap/Dropbox/Projects/HomeBase2025/hb-master-textonly/kirby/kirby/component/js.php
2025-07-24 09:22:52,614 INFO: Copied text file: /Users/sap/Dropbox/Projects/HomeBase2025/hb-master/kirby/kirby/component/tinyurl.php -> /Users/sap/Dropbox/Projects/HomeBase2025/hb-master-textonly/kirby/kirby/component/tinyurl.php
2025-07-24 09:22:52,615 INFO: Copied text file: /Users/sap/Dropbox/Projects/HomeBase2025/hb-master/kirby/kirby/component/template.php -> /Users/sap/Dropbox/Projects/HomeBase2025/hb-master-textonly/kirby/kirby/component/template.php
2025-07-24 09:22:52,615 INFO: Copied text file: /Users/sap/Dropbox/Projects/HomeBase2025/hb-master/kirby/kirby/component/css.php -> /Users/sap/Dropbox/Projects/HomeBase2025/hb-master-textonly/kirby/kirby/component/css.php
2025-07-24 09:22:52,616 INFO: Copied text file: /Users/sap/Dropbox/Projects/HomeBase2025/hb-master/kirby/kirby/component/snippet.php -> /Users/sap/Dropbox/Projects/HomeBase2025/hb-master-textonly/kirby/kirby/component/snippet.php
2025-07-24 09:22:52,617 INFO: Copied text file: /Users/sap/Dropbox/Projects/HomeBase2025/hb-master/kirby/kirby/component/thumb.php -> /Users/sap/Dropbox/Projects/HomeBase2025/hb-master-textonly/kirby/kirby/component/thumb.php
2025-07-24 09:22:52,618 INFO: Copied text file: /Users/sap/Dropbox/Projects/HomeBase2025/hb-master/kirby/kirby/registry/controller.php -> /Users/sap/Dropbox/Projects/HomeBase2025/hb-master-textonly/kirby/kirby/registry/controller.php
2025-07-24 09:22:52,619 INFO: Copied text file: /Users/sap/Dropbox/Projects/HomeBase2025/hb-master/kirby/kirby/registry/blueprint.php -> /Users/sap/Dropbox/Projects/HomeBase2025/hb-master-textonly/kirby/kirby/registry/blueprint.php
2025-07-24 09:22:52,619 INFO: Copied text file: /Users/sap/Dropbox/Projects/HomeBase2025/hb-master/kirby/kirby/registry/hook.php -> /Users/sap/Dropbox/Projects/HomeBase2025/hb-master-textonly/kirby/kirby/registry/hook.php
2025-07-24 09:22:52,620 INFO: Copied text file: /Users/sap/Dropbox/Projects/HomeBase2025/hb-master/kirby/kirby/registry/tag.php -> /Users/sap/Dropbox/Projects/HomeBase2025/hb-master-textonly/kirby/kirby/registry/tag.php
2025-07-24 09:22:52,620 INFO: Copied text file: /Users/sap/Dropbox/Projects/HomeBase2025/hb-master/kirby/kirby/registry/option.php -> /Users/sap/Dropbox/Projects/HomeBase2025/hb-master-textonly/kirby/kirby/registry/option.php
2025-07-24 09:22:52,621 INFO: Copied text file: /Users/sap/Dropbox/Projects/HomeBase2025/hb-master/kirby/kirby/registry/role.php -> /Users/sap/Dropbox/Projects/HomeBase2025/hb-master-textonly/kirby/kirby/registry/role.php
2025-07-24 09:22:52,622 INFO: Copied text file: /Users/sap/Dropbox/Projects/HomeBase2025/hb-master/kirby/kirby/registry/method.php -> /Users/sap/Dropbox/Projects/HomeBase2025/hb-master-textonly/kirby/kirby/registry/method.php
2025-07-24 09:22:52,623 INFO: Copied text file: /Users/sap/Dropbox/Projects/HomeBase2025/hb-master/kirby/kirby/registry/model.php -> /Users/sap/Dropbox/Projects/HomeBase2025/hb-master-textonly/kirby/kirby/registry/model.php
2025-07-24 09:22:52,624 INFO: Copied text file: /Users/sap/Dropbox/Projects/HomeBase2025/hb-master/kirby/kirby/registry/field.php -> /Users/sap/Dropbox/Projects/HomeBase2025/hb-master-textonly/kirby/kirby/registry/field.php
2025-07-24 09:22:52,624 INFO: Copied text file: /Users/sap/Dropbox/Projects/HomeBase2025/hb-master/kirby/kirby/registry/entry.php -> /Users/sap/Dropbox/Projects/HomeBase2025/hb-master-textonly/kirby/kirby/registry/entry.php
2025-07-24 09:22:52,625 INFO: Copied text file: /Users/sap/Dropbox/Projects/HomeBase2025/hb-master/kirby/kirby/registry/component.php -> /Users/sap/Dropbox/Projects/HomeBase2025/hb-master-textonly/kirby/kirby/registry/component.php
2025-07-24 09:22:52,625 INFO: Copied text file: /Users/sap/Dropbox/Projects/HomeBase2025/hb-master/kirby/kirby/registry/route.php -> /Users/sap/Dropbox/Projects/HomeBase2025/hb-master-textonly/kirby/kirby/registry/route.php
2025-07-24 09:22:52,626 INFO: Copied text file: /Users/sap/Dropbox/Projects/HomeBase2025/hb-master/kirby/kirby/registry/template.php -> /Users/sap/Dropbox/Projects/HomeBase2025/hb-master-textonly/kirby/kirby/registry/template.php
2025-07-24 09:22:52,627 INFO: Copied text file: /Users/sap/Dropbox/Projects/HomeBase2025/hb-master/kirby/kirby/registry/widget.php -> /Users/sap/Dropbox/Projects/HomeBase2025/hb-master-textonly/kirby/kirby/registry/widget.php
2025-07-24 09:22:52,627 INFO: Copied text file: /Users/sap/Dropbox/Projects/HomeBase2025/hb-master/kirby/kirby/registry/snippet.php -> /Users/sap/Dropbox/Projects/HomeBase2025/hb-master-textonly/kirby/kirby/registry/snippet.php
2025-07-24 09:22:52,628 INFO: Copied text file: /Users/sap/Dropbox/Projects/HomeBase2025/hb-master/kirby/kirby/request/params.php -> /Users/sap/Dropbox/Projects/HomeBase2025/hb-master-textonly/kirby/kirby/request/params.php
2025-07-24 09:22:52,629 INFO: Copied text file: /Users/sap/Dropbox/Projects/HomeBase2025/hb-master/kirby/kirby/request/path.php -> /Users/sap/Dropbox/Projects/HomeBase2025/hb-master-textonly/kirby/kirby/request/path.php
2025-07-24 09:22:52,630 INFO: Copied text file: /Users/sap/Dropbox/Projects/HomeBase2025/hb-master/kirby/kirby/request/query.php -> /Users/sap/Dropbox/Projects/HomeBase2025/hb-master-textonly/kirby/kirby/request/query.php
2025-07-24 09:22:52,631 INFO: Copied text file: /Users/sap/Dropbox/Projects/HomeBase2025/hb-master/kirby/core/roles.php -> /Users/sap/Dropbox/Projects/HomeBase2025/hb-master-textonly/kirby/core/roles.php
2025-07-24 09:22:52,631 INFO: Copied text file: /Users/sap/Dropbox/Projects/HomeBase2025/hb-master/kirby/core/file.php -> /Users/sap/Dropbox/Projects/HomeBase2025/hb-master-textonly/kirby/core/file.php
2025-07-24 09:22:52,632 INFO: Copied text file: /Users/sap/Dropbox/Projects/HomeBase2025/hb-master/kirby/core/kirbytext.php -> /Users/sap/Dropbox/Projects/HomeBase2025/hb-master-textonly/kirby/core/kirbytext.php
2025-07-24 09:22:52,632 INFO: Copied text file: /Users/sap/Dropbox/Projects/HomeBase2025/hb-master/kirby/core/files.php -> /Users/sap/Dropbox/Projects/HomeBase2025/hb-master-textonly/kirby/core/files.php
2025-07-24 09:22:52,635 INFO: Copied text file: /Users/sap/Dropbox/Projects/HomeBase2025/hb-master/kirby/core/user.php -> /Users/sap/Dropbox/Projects/HomeBase2025/hb-master-textonly/kirby/core/user.php
2025-07-24 09:22:52,636 INFO: Copied text file: /Users/sap/Dropbox/Projects/HomeBase2025/hb-master/kirby/core/role.php -> /Users/sap/Dropbox/Projects/HomeBase2025/hb-master-textonly/kirby/core/role.php
2025-07-24 09:22:52,637 INFO: Copied text file: /Users/sap/Dropbox/Projects/HomeBase2025/hb-master/kirby/core/content.php -> /Users/sap/Dropbox/Projects/HomeBase2025/hb-master-textonly/kirby/core/content.php
2025-07-24 09:22:52,638 INFO: Copied text file: /Users/sap/Dropbox/Projects/HomeBase2025/hb-master/kirby/core/children.php -> /Users/sap/Dropbox/Projects/HomeBase2025/hb-master-textonly/kirby/core/children.php
2025-07-24 09:22:52,648 INFO: Copied text file: /Users/sap/Dropbox/Projects/HomeBase2025/hb-master/kirby/core/field.php -> /Users/sap/Dropbox/Projects/HomeBase2025/hb-master-textonly/kirby/core/field.php
2025-07-24 09:22:52,653 INFO: Copied text file: /Users/sap/Dropbox/Projects/HomeBase2025/hb-master/kirby/core/avatar.php -> /Users/sap/Dropbox/Projects/HomeBase2025/hb-master-textonly/kirby/core/avatar.php
2025-07-24 09:22:52,654 INFO: Copied text file: /Users/sap/Dropbox/Projects/HomeBase2025/hb-master/kirby/core/users.php -> /Users/sap/Dropbox/Projects/HomeBase2025/hb-master-textonly/kirby/core/users.php
2025-07-24 09:22:52,655 INFO: Copied text file: /Users/sap/Dropbox/Projects/HomeBase2025/hb-master/kirby/core/page.php -> /Users/sap/Dropbox/Projects/HomeBase2025/hb-master-textonly/kirby/core/page.php
2025-07-24 09:22:52,656 INFO: Copied text file: /Users/sap/Dropbox/Projects/HomeBase2025/hb-master/kirby/core/kirbytag.php -> /Users/sap/Dropbox/Projects/HomeBase2025/hb-master-textonly/kirby/core/kirbytag.php
2025-07-24 09:22:52,657 INFO: Copied text file: /Users/sap/Dropbox/Projects/HomeBase2025/hb-master/kirby/core/pages.php -> /Users/sap/Dropbox/Projects/HomeBase2025/hb-master-textonly/kirby/core/pages.php
2025-07-24 09:22:52,658 INFO: Copied text file: /Users/sap/Dropbox/Projects/HomeBase2025/hb-master/kirby/core/site.php -> /Users/sap/Dropbox/Projects/HomeBase2025/hb-master-textonly/kirby/core/site.php
2025-07-24 09:22:52,659 INFO: Copied text file: /Users/sap/Dropbox/Projects/HomeBase2025/hb-master/kirby/core/asset.php -> /Users/sap/Dropbox/Projects/HomeBase2025/hb-master-textonly/kirby/core/asset.php
2025-07-24 09:22:52,660 INFO: Copied text file: /Users/sap/Dropbox/Projects/HomeBase2025/hb-master/kirby/test/ModelsTest.php -> /Users/sap/Dropbox/Projects/HomeBase2025/hb-master-textonly/kirby/test/ModelsTest.php
2025-07-24 09:22:52,662 INFO: Copied text file: /Users/sap/Dropbox/Projects/HomeBase2025/hb-master/kirby/test/RoleTest.php -> /Users/sap/Dropbox/Projects/HomeBase2025/hb-master-textonly/kirby/test/RoleTest.php
2025-07-24 09:22:52,664 INFO: Copied text file: /Users/sap/Dropbox/Projects/HomeBase2025/hb-master/kirby/test/UsersTest.php -> /Users/sap/Dropbox/Projects/HomeBase2025/hb-master-textonly/kirby/test/UsersTest.php
2025-07-24 09:22:52,676 INFO: Copied text file: /Users/sap/Dropbox/Projects/HomeBase2025/hb-master/kirby/test/KirbyTest.php -> /Users/sap/Dropbox/Projects/HomeBase2025/hb-master-textonly/kirby/test/KirbyTest.php
2025-07-24 09:22:52,681 INFO: Copied text file: /Users/sap/Dropbox/Projects/HomeBase2025/hb-master/kirby/test/ContentTest.php -> /Users/sap/Dropbox/Projects/HomeBase2025/hb-master-textonly/kirby/test/ContentTest.php
2025-07-24 09:22:52,682 INFO: Copied text file: /Users/sap/Dropbox/Projects/HomeBase2025/hb-master/kirby/test/FileTest.php -> /Users/sap/Dropbox/Projects/HomeBase2025/hb-master-textonly/kirby/test/FileTest.php
2025-07-24 09:22:52,682 INFO: Copied text file: /Users/sap/Dropbox/Projects/HomeBase2025/hb-master/kirby/test/RegistryEntryTest.php -> /Users/sap/Dropbox/Projects/HomeBase2025/hb-master-textonly/kirby/test/RegistryEntryTest.php
2025-07-24 09:22:52,683 INFO: Copied text file: /Users/sap/Dropbox/Projects/HomeBase2025/hb-master/kirby/test/RegistryTest.php -> /Users/sap/Dropbox/Projects/HomeBase2025/hb-master-textonly/kirby/test/RegistryTest.php
2025-07-24 09:22:52,684 INFO: Copied text file: /Users/sap/Dropbox/Projects/HomeBase2025/hb-master/kirby/test/RootsTest.php -> /Users/sap/Dropbox/Projects/HomeBase2025/hb-master-textonly/kirby/test/RootsTest.php
2025-07-24 09:22:52,685 INFO: Copied text file: /Users/sap/Dropbox/Projects/HomeBase2025/hb-master/kirby/test/PageTest.php -> /Users/sap/Dropbox/Projects/HomeBase2025/hb-master-textonly/kirby/test/PageTest.php
2025-07-24 09:22:52,686 INFO: Copied text file: /Users/sap/Dropbox/Projects/HomeBase2025/hb-master/kirby/test/PagesTest.php -> /Users/sap/Dropbox/Projects/HomeBase2025/hb-master-textonly/kirby/test/PagesTest.php
2025-07-24 09:22:52,687 INFO: Copied text file: /Users/sap/Dropbox/Projects/HomeBase2025/hb-master/kirby/test/FilesTest.php -> /Users/sap/Dropbox/Projects/HomeBase2025/hb-master-textonly/kirby/test/FilesTest.php
2025-07-24 09:22:52,687 INFO: Copied text file: /Users/sap/Dropbox/Projects/HomeBase2025/hb-master/kirby/test/FieldTest.php -> /Users/sap/Dropbox/Projects/HomeBase2025/hb-master-textonly/kirby/test/FieldTest.php
2025-07-24 09:22:52,688 INFO: Copied text file: /Users/sap/Dropbox/Projects/HomeBase2025/hb-master/kirby/test/SiteTest.php -> /Users/sap/Dropbox/Projects/HomeBase2025/hb-master-textonly/kirby/test/SiteTest.php
2025-07-24 09:22:52,689 INFO: Copied text file: /Users/sap/Dropbox/Projects/HomeBase2025/hb-master/kirby/test/UrlsTest.php -> /Users/sap/Dropbox/Projects/HomeBase2025/hb-master-textonly/kirby/test/UrlsTest.php
2025-07-24 09:22:52,689 INFO: Copied text file: /Users/sap/Dropbox/Projects/HomeBase2025/hb-master/kirby/test/KirbytextTest.php -> /Users/sap/Dropbox/Projects/HomeBase2025/hb-master-textonly/kirby/test/KirbytextTest.php
2025-07-24 09:22:52,691 INFO: Copied text file: /Users/sap/Dropbox/Projects/HomeBase2025/hb-master/kirby/test/etc/content/site.txt -> /Users/sap/Dropbox/Projects/HomeBase2025/hb-master-textonly/kirby/test/etc/content/site.txt
2025-07-24 09:22:52,693 INFO: Copied text file: /Users/sap/Dropbox/Projects/HomeBase2025/hb-master/kirby/test/etc/content/home/home.txt -> /Users/sap/Dropbox/Projects/HomeBase2025/hb-master-textonly/kirby/test/etc/content/home/home.txt
2025-07-24 09:22:52,694 INFO: Copied text file: /Users/sap/Dropbox/Projects/HomeBase2025/hb-master/kirby/test/etc/content/1-a/test.js -> /Users/sap/Dropbox/Projects/HomeBase2025/hb-master-textonly/kirby/test/etc/content/1-a/test.js
2025-07-24 09:22:52,696 INFO: Copied text file: /Users/sap/Dropbox/Projects/HomeBase2025/hb-master/kirby/test/etc/content/1-a/a.txt -> /Users/sap/Dropbox/Projects/HomeBase2025/hb-master-textonly/kirby/test/etc/content/1-a/a.txt
2025-07-24 09:22:52,698 INFO: Copied text file: /Users/sap/Dropbox/Projects/HomeBase2025/hb-master/kirby/test/etc/content/tests/field-name-test/test.txt -> /Users/sap/Dropbox/Projects/HomeBase2025/hb-master-textonly/kirby/test/etc/content/tests/field-name-test/test.txt
2025-07-24 09:22:52,699 INFO: Copied text file: /Users/sap/Dropbox/Projects/HomeBase2025/hb-master/kirby/test/etc/content/tests/file-extension-case-test/a.JSON -> /Users/sap/Dropbox/Projects/HomeBase2025/hb-master-textonly/kirby/test/etc/content/tests/file-extension-case-test/a.JSON
2025-07-24 09:22:52,700 INFO: Copied text file: /Users/sap/Dropbox/Projects/HomeBase2025/hb-master/kirby/test/etc/content/tests/file-extension-case-test/b.json -> /Users/sap/Dropbox/Projects/HomeBase2025/hb-master-textonly/kirby/test/etc/content/tests/file-extension-case-test/b.json
2025-07-24 09:22:52,711 INFO: Copied text file: /Users/sap/Dropbox/Projects/HomeBase2025/hb-master/kirby/test/etc/content/2-b/b.txt -> /Users/sap/Dropbox/Projects/HomeBase2025/hb-master-textonly/kirby/test/etc/content/2-b/b.txt
2025-07-24 09:22:52,714 INFO: Copied text file: /Users/sap/Dropbox/Projects/HomeBase2025/hb-master/kirby/test/etc/content/error/error.txt -> /Users/sap/Dropbox/Projects/HomeBase2025/hb-master-textonly/kirby/test/etc/content/error/error.txt
2025-07-24 09:22:52,716 INFO: Copied small/unknown file: /Users/sap/Dropbox/Projects/HomeBase2025/hb-master/kirby/test/etc/site/cache/.gitkeep -> /Users/sap/Dropbox/Projects/HomeBase2025/hb-master-textonly/kirby/test/etc/site/cache/.gitkeep
2025-07-24 09:22:52,718 INFO: Copied text file: /Users/sap/Dropbox/Projects/HomeBase2025/hb-master/kirby/test/etc/site/config/config.php -> /Users/sap/Dropbox/Projects/HomeBase2025/hb-master-textonly/kirby/test/etc/site/config/config.php
2025-07-24 09:22:52,719 INFO: Copied text file: /Users/sap/Dropbox/Projects/HomeBase2025/hb-master/kirby/test/etc/site/plugins/b.php -> /Users/sap/Dropbox/Projects/HomeBase2025/hb-master-textonly/kirby/test/etc/site/plugins/b.php
2025-07-24 09:22:52,720 INFO: Copied text file: /Users/sap/Dropbox/Projects/HomeBase2025/hb-master/kirby/test/etc/site/plugins/a/a.php -> /Users/sap/Dropbox/Projects/HomeBase2025/hb-master-textonly/kirby/test/etc/site/plugins/a/a.php
2025-07-24 09:22:52,722 INFO: Copied text file: /Users/sap/Dropbox/Projects/HomeBase2025/hb-master/kirby/test/etc/site/models/a.php -> /Users/sap/Dropbox/Projects/HomeBase2025/hb-master-textonly/kirby/test/etc/site/models/a.php
2025-07-24 09:22:52,732 INFO: Copied text file: /Users/sap/Dropbox/Projects/HomeBase2025/hb-master/kirby/test/etc/site/tags/b.php -> /Users/sap/Dropbox/Projects/HomeBase2025/hb-master-textonly/kirby/test/etc/site/tags/b.php
2025-07-24 09:22:52,733 INFO: Copied text file: /Users/sap/Dropbox/Projects/HomeBase2025/hb-master/kirby/test/etc/site/tags/a.php -> /Users/sap/Dropbox/Projects/HomeBase2025/hb-master-textonly/kirby/test/etc/site/tags/a.php
2025-07-24 09:22:52,735 INFO: Copied text file: /Users/sap/Dropbox/Projects/HomeBase2025/hb-master/kirby/test/etc/site/accounts/test.php -> /Users/sap/Dropbox/Projects/HomeBase2025/hb-master-textonly/kirby/test/etc/site/accounts/test.php
2025-07-24 09:22:52,738 INFO: Copied text file: /Users/sap/Dropbox/Projects/HomeBase2025/hb-master/kirby/test/etc/kirbytext/tel/test.txt -> /Users/sap/Dropbox/Projects/HomeBase2025/hb-master-textonly/kirby/test/etc/kirbytext/tel/test.txt
2025-07-24 09:22:52,739 INFO: Copied text file: /Users/sap/Dropbox/Projects/HomeBase2025/hb-master/kirby/test/etc/kirbytext/tel/expected.html -> /Users/sap/Dropbox/Projects/HomeBase2025/hb-master-textonly/kirby/test/etc/kirbytext/tel/expected.html
2025-07-24 09:22:52,740 INFO: Copied text file: /Users/sap/Dropbox/Projects/HomeBase2025/hb-master/kirby/test/etc/kirbytext/image-with-alt/test.txt -> /Users/sap/Dropbox/Projects/HomeBase2025/hb-master-textonly/kirby/test/etc/kirbytext/image-with-alt/test.txt
2025-07-24 09:22:52,741 INFO: Copied text file: /Users/sap/Dropbox/Projects/HomeBase2025/hb-master/kirby/test/etc/kirbytext/image-with-alt/expected.html -> /Users/sap/Dropbox/Projects/HomeBase2025/hb-master-textonly/kirby/test/etc/kirbytext/image-with-alt/expected.html
2025-07-24 09:22:52,742 INFO: Copied text file: /Users/sap/Dropbox/Projects/HomeBase2025/hb-master/kirby/test/etc/kirbytext/twitter/test.txt -> /Users/sap/Dropbox/Projects/HomeBase2025/hb-master-textonly/kirby/test/etc/kirbytext/twitter/test.txt
2025-07-24 09:22:52,743 INFO: Copied text file: /Users/sap/Dropbox/Projects/HomeBase2025/hb-master/kirby/test/etc/kirbytext/twitter/expected.html -> /Users/sap/Dropbox/Projects/HomeBase2025/hb-master-textonly/kirby/test/etc/kirbytext/twitter/expected.html
2025-07-24 09:22:52,745 INFO: Copied text file: /Users/sap/Dropbox/Projects/HomeBase2025/hb-master/kirby/test/etc/kirbytext/image-with-caption/test.txt -> /Users/sap/Dropbox/Projects/HomeBase2025/hb-master-textonly/kirby/test/etc/kirbytext/image-with-caption/test.txt
2025-07-24 09:22:52,746 INFO: Copied text file: /Users/sap/Dropbox/Projects/HomeBase2025/hb-master/kirby/test/etc/kirbytext/image-with-caption/expected.html -> /Users/sap/Dropbox/Projects/HomeBase2025/hb-master-textonly/kirby/test/etc/kirbytext/image-with-caption/expected.html
2025-07-24 09:22:52,748 INFO: Copied text file: /Users/sap/Dropbox/Projects/HomeBase2025/hb-master/kirby/test/etc/kirbytext/vimeo/test.txt -> /Users/sap/Dropbox/Projects/HomeBase2025/hb-master-textonly/kirby/test/etc/kirbytext/vimeo/test.txt
2025-07-24 09:22:52,749 INFO: Copied text file: /Users/sap/Dropbox/Projects/HomeBase2025/hb-master/kirby/test/etc/kirbytext/vimeo/expected.html -> /Users/sap/Dropbox/Projects/HomeBase2025/hb-master-textonly/kirby/test/etc/kirbytext/vimeo/expected.html
2025-07-24 09:22:52,751 INFO: Copied text file: /Users/sap/Dropbox/Projects/HomeBase2025/hb-master/kirby/test/etc/kirbytext/link-with-class/test.txt -> /Users/sap/Dropbox/Projects/HomeBase2025/hb-master-textonly/kirby/test/etc/kirbytext/link-with-class/test.txt
2025-07-24 09:22:52,752 INFO: Copied text file: /Users/sap/Dropbox/Projects/HomeBase2025/hb-master/kirby/test/etc/kirbytext/link-with-class/expected.html -> /Users/sap/Dropbox/Projects/HomeBase2025/hb-master-textonly/kirby/test/etc/kirbytext/link-with-class/expected.html
2025-07-24 09:22:52,754 INFO: Copied text file: /Users/sap/Dropbox/Projects/HomeBase2025/hb-master/kirby/test/etc/kirbytext/youtube/test.txt -> /Users/sap/Dropbox/Projects/HomeBase2025/hb-master-textonly/kirby/test/etc/kirbytext/youtube/test.txt
2025-07-24 09:22:52,755 INFO: Copied text file: /Users/sap/Dropbox/Projects/HomeBase2025/hb-master/kirby/test/etc/kirbytext/youtube/expected.html -> /Users/sap/Dropbox/Projects/HomeBase2025/hb-master-textonly/kirby/test/etc/kirbytext/youtube/expected.html
2025-07-24 09:22:52,756 INFO: Copied text file: /Users/sap/Dropbox/Projects/HomeBase2025/hb-master/kirby/test/etc/kirbytext/image/test.txt -> /Users/sap/Dropbox/Projects/HomeBase2025/hb-master-textonly/kirby/test/etc/kirbytext/image/test.txt
2025-07-24 09:22:52,757 INFO: Copied text file: /Users/sap/Dropbox/Projects/HomeBase2025/hb-master/kirby/test/etc/kirbytext/image/expected.html -> /Users/sap/Dropbox/Projects/HomeBase2025/hb-master-textonly/kirby/test/etc/kirbytext/image/expected.html
2025-07-24 09:22:52,759 INFO: Copied text file: /Users/sap/Dropbox/Projects/HomeBase2025/hb-master/kirby/test/etc/kirbytext/multiline-parenthesis/test.txt -> /Users/sap/Dropbox/Projects/HomeBase2025/hb-master-textonly/kirby/test/etc/kirbytext/multiline-parenthesis/test.txt
2025-07-24 09:22:52,770 INFO: Copied text file: /Users/sap/Dropbox/Projects/HomeBase2025/hb-master/kirby/test/etc/kirbytext/multiline-parenthesis/expected.html -> /Users/sap/Dropbox/Projects/HomeBase2025/hb-master-textonly/kirby/test/etc/kirbytext/multiline-parenthesis/expected.html
2025-07-24 09:22:52,773 INFO: Copied text file: /Users/sap/Dropbox/Projects/HomeBase2025/hb-master/kirby/test/etc/kirbytext/tag-in-parenthesis/test.txt -> /Users/sap/Dropbox/Projects/HomeBase2025/hb-master-textonly/kirby/test/etc/kirbytext/tag-in-parenthesis/test.txt
2025-07-24 09:22:52,775 INFO: Copied text file: /Users/sap/Dropbox/Projects/HomeBase2025/hb-master/kirby/test/etc/kirbytext/tag-in-parenthesis/expected.html -> /Users/sap/Dropbox/Projects/HomeBase2025/hb-master-textonly/kirby/test/etc/kirbytext/tag-in-parenthesis/expected.html
2025-07-24 09:22:52,777 INFO: Copied text file: /Users/sap/Dropbox/Projects/HomeBase2025/hb-master/kirby/test/etc/kirbytext/image-with-link-popup/test.txt -> /Users/sap/Dropbox/Projects/HomeBase2025/hb-master-textonly/kirby/test/etc/kirbytext/image-with-link-popup/test.txt
2025-07-24 09:22:52,778 INFO: Copied text file: /Users/sap/Dropbox/Projects/HomeBase2025/hb-master/kirby/test/etc/kirbytext/image-with-link-popup/expected.html -> /Users/sap/Dropbox/Projects/HomeBase2025/hb-master-textonly/kirby/test/etc/kirbytext/image-with-link-popup/expected.html
2025-07-24 09:22:52,779 INFO: Copied text file: /Users/sap/Dropbox/Projects/HomeBase2025/hb-master/kirby/test/etc/kirbytext/link/test.txt -> /Users/sap/Dropbox/Projects/HomeBase2025/hb-master-textonly/kirby/test/etc/kirbytext/link/test.txt
2025-07-24 09:22:52,781 INFO: Copied text file: /Users/sap/Dropbox/Projects/HomeBase2025/hb-master/kirby/test/etc/kirbytext/link/expected.html -> /Users/sap/Dropbox/Projects/HomeBase2025/hb-master-textonly/kirby/test/etc/kirbytext/link/expected.html
2025-07-24 09:22:52,782 INFO: Copied text file: /Users/sap/Dropbox/Projects/HomeBase2025/hb-master/kirby/test/etc/kirbytext/input-with-placeholder/test.txt -> /Users/sap/Dropbox/Projects/HomeBase2025/hb-master-textonly/kirby/test/etc/kirbytext/input-with-placeholder/test.txt
2025-07-24 09:22:52,785 INFO: Copied text file: /Users/sap/Dropbox/Projects/HomeBase2025/hb-master/kirby/test/etc/kirbytext/input-with-placeholder/expected.html -> /Users/sap/Dropbox/Projects/HomeBase2025/hb-master-textonly/kirby/test/etc/kirbytext/input-with-placeholder/expected.html
2025-07-24 09:22:52,787 INFO: Copied text file: /Users/sap/Dropbox/Projects/HomeBase2025/hb-master/kirby/test/etc/kirbytext/link-with-target/test.txt -> /Users/sap/Dropbox/Projects/HomeBase2025/hb-master-textonly/kirby/test/etc/kirbytext/link-with-target/test.txt
2025-07-24 09:22:52,788 INFO: Copied text file: /Users/sap/Dropbox/Projects/HomeBase2025/hb-master/kirby/test/etc/kirbytext/link-with-target/expected.html -> /Users/sap/Dropbox/Projects/HomeBase2025/hb-master-textonly/kirby/test/etc/kirbytext/link-with-target/expected.html
2025-07-24 09:22:52,789 INFO: Copied text file: /Users/sap/Dropbox/Projects/HomeBase2025/hb-master/kirby/test/etc/kirbytext/link-with-link-as-text/test.txt -> /Users/sap/Dropbox/Projects/HomeBase2025/hb-master-textonly/kirby/test/etc/kirbytext/link-with-link-as-text/test.txt
2025-07-24 09:22:52,791 INFO: Copied text file: /Users/sap/Dropbox/Projects/HomeBase2025/hb-master/kirby/test/etc/kirbytext/link-with-link-as-text/expected.html -> /Users/sap/Dropbox/Projects/HomeBase2025/hb-master-textonly/kirby/test/etc/kirbytext/link-with-link-as-text/expected.html
2025-07-24 09:22:52,793 INFO: Copied text file: /Users/sap/Dropbox/Projects/HomeBase2025/hb-master/kirby/test/etc/kirbytext/link-with-popup/test.txt -> /Users/sap/Dropbox/Projects/HomeBase2025/hb-master-textonly/kirby/test/etc/kirbytext/link-with-popup/test.txt
2025-07-24 09:22:52,794 INFO: Copied text file: /Users/sap/Dropbox/Projects/HomeBase2025/hb-master/kirby/test/etc/kirbytext/link-with-popup/expected.html -> /Users/sap/Dropbox/Projects/HomeBase2025/hb-master-textonly/kirby/test/etc/kirbytext/link-with-popup/expected.html
2025-07-24 09:22:52,795 INFO: Copied text file: /Users/sap/Dropbox/Projects/HomeBase2025/hb-master/kirby/test/etc/kirbytext/non-matching-parenthesises/test.txt -> /Users/sap/Dropbox/Projects/HomeBase2025/hb-master-textonly/kirby/test/etc/kirbytext/non-matching-parenthesises/test.txt
2025-07-24 09:22:52,796 INFO: Copied text file: /Users/sap/Dropbox/Projects/HomeBase2025/hb-master/kirby/test/etc/kirbytext/non-matching-parenthesises/expected.html -> /Users/sap/Dropbox/Projects/HomeBase2025/hb-master-textonly/kirby/test/etc/kirbytext/non-matching-parenthesises/expected.html
2025-07-24 09:22:52,798 INFO: Copied text file: /Users/sap/Dropbox/Projects/HomeBase2025/hb-master/kirby/test/etc/kirbytext/gist/test.txt -> /Users/sap/Dropbox/Projects/HomeBase2025/hb-master-textonly/kirby/test/etc/kirbytext/gist/test.txt
2025-07-24 09:22:52,799 INFO: Copied text file: /Users/sap/Dropbox/Projects/HomeBase2025/hb-master/kirby/test/etc/kirbytext/gist/expected.html -> /Users/sap/Dropbox/Projects/HomeBase2025/hb-master-textonly/kirby/test/etc/kirbytext/gist/expected.html
2025-07-24 09:22:52,800 INFO: Copied text file: /Users/sap/Dropbox/Projects/HomeBase2025/hb-master/kirby/test/etc/kirbytext/script-tag/test.txt -> /Users/sap/Dropbox/Projects/HomeBase2025/hb-master-textonly/kirby/test/etc/kirbytext/script-tag/test.txt
2025-07-24 09:22:52,802 INFO: Copied text file: /Users/sap/Dropbox/Projects/HomeBase2025/hb-master/kirby/test/etc/kirbytext/script-tag/expected.html -> /Users/sap/Dropbox/Projects/HomeBase2025/hb-master-textonly/kirby/test/etc/kirbytext/script-tag/expected.html
2025-07-24 09:22:52,803 INFO: Copied text file: /Users/sap/Dropbox/Projects/HomeBase2025/hb-master/kirby/test/etc/kirbytext/link-without-text/test.txt -> /Users/sap/Dropbox/Projects/HomeBase2025/hb-master-textonly/kirby/test/etc/kirbytext/link-without-text/test.txt
2025-07-24 09:22:52,804 INFO: Copied text file: /Users/sap/Dropbox/Projects/HomeBase2025/hb-master/kirby/test/etc/kirbytext/link-without-text/expected.html -> /Users/sap/Dropbox/Projects/HomeBase2025/hb-master-textonly/kirby/test/etc/kirbytext/link-without-text/expected.html
2025-07-24 09:22:52,805 INFO: Copied text file: /Users/sap/Dropbox/Projects/HomeBase2025/hb-master/kirby/test/etc/kirbytext/link-with-rel/test.txt -> /Users/sap/Dropbox/Projects/HomeBase2025/hb-master-textonly/kirby/test/etc/kirbytext/link-with-rel/test.txt
2025-07-24 09:22:52,805 INFO: Copied text file: /Users/sap/Dropbox/Projects/HomeBase2025/hb-master/kirby/test/etc/kirbytext/link-with-rel/expected.html -> /Users/sap/Dropbox/Projects/HomeBase2025/hb-master-textonly/kirby/test/etc/kirbytext/link-with-rel/expected.html
2025-07-24 09:22:52,807 INFO: Copied text file: /Users/sap/Dropbox/Projects/HomeBase2025/hb-master/kirby/test/etc/kirbytext/image-with-link/test.txt -> /Users/sap/Dropbox/Projects/HomeBase2025/hb-master-textonly/kirby/test/etc/kirbytext/image-with-link/test.txt
2025-07-24 09:22:52,808 INFO: Copied text file: /Users/sap/Dropbox/Projects/HomeBase2025/hb-master/kirby/test/etc/kirbytext/image-with-link/expected.html -> /Users/sap/Dropbox/Projects/HomeBase2025/hb-master-textonly/kirby/test/etc/kirbytext/image-with-link/expected.html
2025-07-24 09:22:52,809 INFO: Copied text file: /Users/sap/Dropbox/Projects/HomeBase2025/hb-master/kirby/test/lib/bootstrap.php -> /Users/sap/Dropbox/Projects/HomeBase2025/hb-master-textonly/kirby/test/lib/bootstrap.php
2025-07-24 09:22:52,810 INFO: Copied text file: /Users/sap/Dropbox/Projects/HomeBase2025/hb-master/kirby/test/lib/testcase.php -> /Users/sap/Dropbox/Projects/HomeBase2025/hb-master-textonly/kirby/test/lib/testcase.php
2025-07-24 09:22:52,813 INFO: Copied text file: /Users/sap/Dropbox/Projects/HomeBase2025/hb-master/kirby/extensions/tags.php -> /Users/sap/Dropbox/Projects/HomeBase2025/hb-master-textonly/kirby/extensions/tags.php
2025-07-24 09:22:52,823 INFO: Copied text file: /Users/sap/Dropbox/Projects/HomeBase2025/hb-master/kirby/extensions/methods.php -> /Users/sap/Dropbox/Projects/HomeBase2025/hb-master-textonly/kirby/extensions/methods.php
2025-07-24 09:22:52,825 INFO: Copied text file: /Users/sap/Dropbox/Projects/HomeBase2025/hb-master/kirby/lib/structure.php -> /Users/sap/Dropbox/Projects/HomeBase2025/hb-master-textonly/kirby/lib/structure.php
2025-07-24 09:22:52,826 INFO: Copied text file: /Users/sap/Dropbox/Projects/HomeBase2025/hb-master/kirby/lib/pageextension.php -> /Users/sap/Dropbox/Projects/HomeBase2025/hb-master-textonly/kirby/lib/pageextension.php
2025-07-24 09:22:52,827 INFO: Copied text file: /Users/sap/Dropbox/Projects/HomeBase2025/hb-master/kirby/branches/default.php -> /Users/sap/Dropbox/Projects/HomeBase2025/hb-master-textonly/kirby/branches/default.php
2025-07-24 09:22:52,828 INFO: Copied text file: /Users/sap/Dropbox/Projects/HomeBase2025/hb-master/kirby/branches/multilang.php -> /Users/sap/Dropbox/Projects/HomeBase2025/hb-master-textonly/kirby/branches/multilang.php
2025-07-24 09:22:52,830 INFO: Copied text file: /Users/sap/Dropbox/Projects/HomeBase2025/hb-master/kirby/branches/multilang/languages.php -> /Users/sap/Dropbox/Projects/HomeBase2025/hb-master-textonly/kirby/branches/multilang/languages.php
2025-07-24 09:22:52,831 INFO: Copied text file: /Users/sap/Dropbox/Projects/HomeBase2025/hb-master/kirby/branches/multilang/file.php -> /Users/sap/Dropbox/Projects/HomeBase2025/hb-master-textonly/kirby/branches/multilang/file.php
2025-07-24 09:22:52,832 INFO: Copied text file: /Users/sap/Dropbox/Projects/HomeBase2025/hb-master/kirby/branches/multilang/content.php -> /Users/sap/Dropbox/Projects/HomeBase2025/hb-master-textonly/kirby/branches/multilang/content.php
2025-07-24 09:22:52,832 INFO: Copied text file: /Users/sap/Dropbox/Projects/HomeBase2025/hb-master/kirby/branches/multilang/field.php -> /Users/sap/Dropbox/Projects/HomeBase2025/hb-master-textonly/kirby/branches/multilang/field.php
2025-07-24 09:22:52,833 INFO: Copied text file: /Users/sap/Dropbox/Projects/HomeBase2025/hb-master/kirby/branches/multilang/language.php -> /Users/sap/Dropbox/Projects/HomeBase2025/hb-master-textonly/kirby/branches/multilang/language.php
2025-07-24 09:22:52,834 INFO: Copied text file: /Users/sap/Dropbox/Projects/HomeBase2025/hb-master/kirby/branches/multilang/page.php -> /Users/sap/Dropbox/Projects/HomeBase2025/hb-master-textonly/kirby/branches/multilang/page.php
2025-07-24 09:22:52,835 INFO: Copied text file: /Users/sap/Dropbox/Projects/HomeBase2025/hb-master/kirby/branches/multilang/site.php -> /Users/sap/Dropbox/Projects/HomeBase2025/hb-master-textonly/kirby/branches/multilang/site.php
2025-07-24 09:22:52,837 INFO: Copied text file: /Users/sap/Dropbox/Projects/HomeBase2025/hb-master/kirby/views/fatal.php -> /Users/sap/Dropbox/Projects/HomeBase2025/hb-master-textonly/kirby/views/fatal.php
2025-07-24 09:22:52,838 INFO: Copied text file: /Users/sap/Dropbox/Projects/HomeBase2025/hb-master/panel/license.md -> /Users/sap/Dropbox/Projects/HomeBase2025/hb-master-textonly/panel/license.md
2025-07-24 09:22:52,839 INFO: Copied small/unknown file: /Users/sap/Dropbox/Projects/HomeBase2025/hb-master/panel/.DS_Store -> /Users/sap/Dropbox/Projects/HomeBase2025/hb-master-textonly/panel/.DS_Store
2025-07-24 09:22:52,840 INFO: Copied text file: /Users/sap/Dropbox/Projects/HomeBase2025/hb-master/panel/phpunit.xml -> /Users/sap/Dropbox/Projects/HomeBase2025/hb-master-textonly/panel/phpunit.xml
2025-07-24 09:22:52,841 INFO: Copied text file: /Users/sap/Dropbox/Projects/HomeBase2025/hb-master/panel/index.php -> /Users/sap/Dropbox/Projects/HomeBase2025/hb-master-textonly/panel/index.php
2025-07-24 09:22:52,842 INFO: Copied text file: /Users/sap/Dropbox/Projects/HomeBase2025/hb-master/panel/readme.md -> /Users/sap/Dropbox/Projects/HomeBase2025/hb-master-textonly/panel/readme.md
2025-07-24 09:22:52,845 INFO: Copied small/unknown file: /Users/sap/Dropbox/Projects/HomeBase2025/hb-master/panel/.gitignore -> /Users/sap/Dropbox/Projects/HomeBase2025/hb-master-textonly/panel/.gitignore
2025-07-24 09:22:52,846 INFO: Copied text file: /Users/sap/Dropbox/Projects/HomeBase2025/hb-master/panel/package.json -> /Users/sap/Dropbox/Projects/HomeBase2025/hb-master-textonly/panel/package.json
2025-07-24 09:22:52,847 INFO: Copied text file: /Users/sap/Dropbox/Projects/HomeBase2025/hb-master/panel/gulpfile.js -> /Users/sap/Dropbox/Projects/HomeBase2025/hb-master-textonly/panel/gulpfile.js
2025-07-24 09:22:52,848 INFO: Copied text file: /Users/sap/Dropbox/Projects/HomeBase2025/hb-master/panel/composer.json -> /Users/sap/Dropbox/Projects/HomeBase2025/hb-master-textonly/panel/composer.json
2025-07-24 09:22:52,850 INFO: Copied small/unknown file: /Users/sap/Dropbox/Projects/HomeBase2025/hb-master/panel/.tx/config -> /Users/sap/Dropbox/Projects/HomeBase2025/hb-master-textonly/panel/.tx/config
2025-07-24 09:22:52,852 INFO: Copied text file: /Users/sap/Dropbox/Projects/HomeBase2025/hb-master/panel/app/bootstrap.php -> /Users/sap/Dropbox/Projects/HomeBase2025/hb-master-textonly/panel/app/bootstrap.php
2025-07-24 09:22:52,855 INFO: Copied text file: /Users/sap/Dropbox/Projects/HomeBase2025/hb-master/panel/app/helpers.php -> /Users/sap/Dropbox/Projects/HomeBase2025/hb-master-textonly/panel/app/helpers.php
2025-07-24 09:22:52,858 INFO: Copied text file: /Users/sap/Dropbox/Projects/HomeBase2025/hb-master/panel/app/snippets/languages.php -> /Users/sap/Dropbox/Projects/HomeBase2025/hb-master-textonly/panel/app/snippets/languages.php
2025-07-24 09:22:52,864 INFO: Copied text file: /Users/sap/Dropbox/Projects/HomeBase2025/hb-master/panel/app/snippets/pagination.php -> /Users/sap/Dropbox/Projects/HomeBase2025/hb-master-textonly/panel/app/snippets/pagination.php
2025-07-24 09:22:52,866 INFO: Copied text file: /Users/sap/Dropbox/Projects/HomeBase2025/hb-master/panel/app/snippets/uploader.php -> /Users/sap/Dropbox/Projects/HomeBase2025/hb-master-textonly/panel/app/snippets/uploader.php
2025-07-24 09:22:52,868 INFO: Copied text file: /Users/sap/Dropbox/Projects/HomeBase2025/hb-master/panel/app/snippets/meta.php -> /Users/sap/Dropbox/Projects/HomeBase2025/hb-master-textonly/panel/app/snippets/meta.php
2025-07-24 09:22:52,869 INFO: Copied text file: /Users/sap/Dropbox/Projects/HomeBase2025/hb-master/panel/app/snippets/search.php -> /Users/sap/Dropbox/Projects/HomeBase2025/hb-master-textonly/panel/app/snippets/search.php
2025-07-24 09:22:52,871 INFO: Copied text file: /Users/sap/Dropbox/Projects/HomeBase2025/hb-master/panel/app/snippets/favicon.php -> /Users/sap/Dropbox/Projects/HomeBase2025/hb-master-textonly/panel/app/snippets/favicon.php
2025-07-24 09:22:52,872 INFO: Copied text file: /Users/sap/Dropbox/Projects/HomeBase2025/hb-master/panel/app/snippets/menu.php -> /Users/sap/Dropbox/Projects/HomeBase2025/hb-master-textonly/panel/app/snippets/menu.php
2025-07-24 09:22:52,874 INFO: Copied text file: /Users/sap/Dropbox/Projects/HomeBase2025/hb-master/panel/app/snippets/breadcrumb.php -> /Users/sap/Dropbox/Projects/HomeBase2025/hb-master-textonly/panel/app/snippets/breadcrumb.php
2025-07-24 09:22:52,878 INFO: Copied text file: /Users/sap/Dropbox/Projects/HomeBase2025/hb-master/panel/app/snippets/template.php -> /Users/sap/Dropbox/Projects/HomeBase2025/hb-master-textonly/panel/app/snippets/template.php
2025-07-24 09:22:52,892 INFO: Copied text file: /Users/sap/Dropbox/Projects/HomeBase2025/hb-master/panel/app/snippets/subpages/subpage.php -> /Users/sap/Dropbox/Projects/HomeBase2025/hb-master-textonly/panel/app/snippets/subpages/subpage.php
2025-07-24 09:22:52,898 INFO: Copied text file: /Users/sap/Dropbox/Projects/HomeBase2025/hb-master/panel/app/snippets/pages/sidebar.php -> /Users/sap/Dropbox/Projects/HomeBase2025/hb-master-textonly/panel/app/snippets/pages/sidebar.php
2025-07-24 09:22:52,903 INFO: Copied text file: /Users/sap/Dropbox/Projects/HomeBase2025/hb-master/panel/app/snippets/pages/sidebar/subpage.php -> /Users/sap/Dropbox/Projects/HomeBase2025/hb-master-textonly/panel/app/snippets/pages/sidebar/subpage.php
2025-07-24 09:22:52,913 INFO: Copied text file: /Users/sap/Dropbox/Projects/HomeBase2025/hb-master/panel/app/snippets/pages/sidebar/file.php -> /Users/sap/Dropbox/Projects/HomeBase2025/hb-master-textonly/panel/app/snippets/pages/sidebar/file.php
2025-07-24 09:22:52,916 INFO: Copied text file: /Users/sap/Dropbox/Projects/HomeBase2025/hb-master/panel/app/snippets/pages/sidebar/files.php -> /Users/sap/Dropbox/Projects/HomeBase2025/hb-master-textonly/panel/app/snippets/pages/sidebar/files.php
2025-07-24 09:22:52,918 INFO: Copied text file: /Users/sap/Dropbox/Projects/HomeBase2025/hb-master/panel/app/snippets/pages/sidebar/menu.php -> /Users/sap/Dropbox/Projects/HomeBase2025/hb-master-textonly/panel/app/snippets/pages/sidebar/menu.php
2025-07-24 09:22:52,919 INFO: Copied text file: /Users/sap/Dropbox/Projects/HomeBase2025/hb-master/panel/app/snippets/pages/sidebar/subpages.php -> /Users/sap/Dropbox/Projects/HomeBase2025/hb-master-textonly/panel/app/snippets/pages/sidebar/subpages.php
2025-07-24 09:22:52,921 INFO: Copied text file: /Users/sap/Dropbox/Projects/HomeBase2025/hb-master/panel/app/forms/auth/login.php -> /Users/sap/Dropbox/Projects/HomeBase2025/hb-master-textonly/panel/app/forms/auth/login.php
2025-07-24 09:22:52,923 INFO: Copied text file: /Users/sap/Dropbox/Projects/HomeBase2025/hb-master/panel/app/forms/installation/check.php -> /Users/sap/Dropbox/Projects/HomeBase2025/hb-master-textonly/panel/app/forms/installation/check.php
2025-07-24 09:22:52,924 INFO: Copied text file: /Users/sap/Dropbox/Projects/HomeBase2025/hb-master/panel/app/forms/installation/signup.php -> /Users/sap/Dropbox/Projects/HomeBase2025/hb-master-textonly/panel/app/forms/installation/signup.php
2025-07-24 09:22:52,926 INFO: Copied text file: /Users/sap/Dropbox/Projects/HomeBase2025/hb-master/panel/app/forms/users/user.php -> /Users/sap/Dropbox/Projects/HomeBase2025/hb-master-textonly/panel/app/forms/users/user.php
2025-07-24 09:22:52,927 INFO: Copied text file: /Users/sap/Dropbox/Projects/HomeBase2025/hb-master/panel/app/forms/users/delete.php -> /Users/sap/Dropbox/Projects/HomeBase2025/hb-master-textonly/panel/app/forms/users/delete.php
2025-07-24 09:22:52,928 INFO: Copied text file: /Users/sap/Dropbox/Projects/HomeBase2025/hb-master/panel/app/forms/files/delete.php -> /Users/sap/Dropbox/Projects/HomeBase2025/hb-master-textonly/panel/app/forms/files/delete.php
2025-07-24 09:22:52,931 INFO: Copied text file: /Users/sap/Dropbox/Projects/HomeBase2025/hb-master/panel/app/forms/files/edit.php -> /Users/sap/Dropbox/Projects/HomeBase2025/hb-master-textonly/panel/app/forms/files/edit.php
2025-07-24 09:22:52,932 INFO: Copied text file: /Users/sap/Dropbox/Projects/HomeBase2025/hb-master/panel/app/forms/avatars/delete.php -> /Users/sap/Dropbox/Projects/HomeBase2025/hb-master-textonly/panel/app/forms/avatars/delete.php
2025-07-24 09:22:52,934 INFO: Copied text file: /Users/sap/Dropbox/Projects/HomeBase2025/hb-master/panel/app/forms/pages/add.php -> /Users/sap/Dropbox/Projects/HomeBase2025/hb-master-textonly/panel/app/forms/pages/add.php
2025-07-24 09:22:52,935 INFO: Copied text file: /Users/sap/Dropbox/Projects/HomeBase2025/hb-master/panel/app/forms/pages/url.php -> /Users/sap/Dropbox/Projects/HomeBase2025/hb-master-textonly/panel/app/forms/pages/url.php
2025-07-24 09:22:52,936 INFO: Copied text file: /Users/sap/Dropbox/Projects/HomeBase2025/hb-master/panel/app/forms/pages/delete.php -> /Users/sap/Dropbox/Projects/HomeBase2025/hb-master-textonly/panel/app/forms/pages/delete.php
2025-07-24 09:22:52,937 INFO: Copied text file: /Users/sap/Dropbox/Projects/HomeBase2025/hb-master/panel/app/forms/pages/edit.php -> /Users/sap/Dropbox/Projects/HomeBase2025/hb-master-textonly/panel/app/forms/pages/edit.php
2025-07-24 09:22:52,938 INFO: Copied text file: /Users/sap/Dropbox/Projects/HomeBase2025/hb-master/panel/app/forms/pages/template.php -> /Users/sap/Dropbox/Projects/HomeBase2025/hb-master-textonly/panel/app/forms/pages/template.php
2025-07-24 09:22:52,939 INFO: Copied text file: /Users/sap/Dropbox/Projects/HomeBase2025/hb-master/panel/app/forms/pages/toggle.php -> /Users/sap/Dropbox/Projects/HomeBase2025/hb-master-textonly/panel/app/forms/pages/toggle.php
2025-07-24 09:22:52,940 INFO: Copied text file: /Users/sap/Dropbox/Projects/HomeBase2025/hb-master/panel/app/forms/editor/email.php -> /Users/sap/Dropbox/Projects/HomeBase2025/hb-master-textonly/panel/app/forms/editor/email.php
2025-07-24 09:22:52,941 INFO: Copied text file: /Users/sap/Dropbox/Projects/HomeBase2025/hb-master/panel/app/forms/editor/link.php -> /Users/sap/Dropbox/Projects/HomeBase2025/hb-master-textonly/panel/app/forms/editor/link.php
2025-07-24 09:22:52,943 INFO: Copied text file: /Users/sap/Dropbox/Projects/HomeBase2025/hb-master/panel/app/config/routes.php -> /Users/sap/Dropbox/Projects/HomeBase2025/hb-master-textonly/panel/app/config/routes.php
2025-07-24 09:22:52,950 INFO: Copied text file: /Users/sap/Dropbox/Projects/HomeBase2025/hb-master/panel/app/topbars/user.php -> /Users/sap/Dropbox/Projects/HomeBase2025/hb-master-textonly/panel/app/topbars/user.php
2025-07-24 09:22:52,953 INFO: Copied text file: /Users/sap/Dropbox/Projects/HomeBase2025/hb-master/panel/app/topbars/error.php -> /Users/sap/Dropbox/Projects/HomeBase2025/hb-master-textonly/panel/app/topbars/error.php
2025-07-24 09:22:52,954 INFO: Copied text file: /Users/sap/Dropbox/Projects/HomeBase2025/hb-master/panel/app/layouts/app.php -> /Users/sap/Dropbox/Projects/HomeBase2025/hb-master-textonly/panel/app/layouts/app.php
2025-07-24 09:22:52,956 INFO: Copied text file: /Users/sap/Dropbox/Projects/HomeBase2025/hb-master/panel/app/layouts/fatal.php -> /Users/sap/Dropbox/Projects/HomeBase2025/hb-master-textonly/panel/app/layouts/fatal.php
2025-07-24 09:22:52,957 INFO: Copied text file: /Users/sap/Dropbox/Projects/HomeBase2025/hb-master/panel/app/layouts/base.php -> /Users/sap/Dropbox/Projects/HomeBase2025/hb-master-textonly/panel/app/layouts/base.php
2025-07-24 09:22:52,961 INFO: Copied text file: /Users/sap/Dropbox/Projects/HomeBase2025/hb-master/panel/app/fields/tel/tel.php -> /Users/sap/Dropbox/Projects/HomeBase2025/hb-master-textonly/panel/app/fields/tel/tel.php
2025-07-24 09:22:52,963 INFO: Copied text file: /Users/sap/Dropbox/Projects/HomeBase2025/hb-master/panel/app/fields/page/page.php -> /Users/sap/Dropbox/Projects/HomeBase2025/hb-master-textonly/panel/app/fields/page/page.php
2025-07-24 09:22:52,965 INFO: Copied text file: /Users/sap/Dropbox/Projects/HomeBase2025/hb-master/panel/app/fields/password/password.php -> /Users/sap/Dropbox/Projects/HomeBase2025/hb-master-textonly/panel/app/fields/password/password.php
2025-07-24 09:22:52,967 INFO: Copied text file: /Users/sap/Dropbox/Projects/HomeBase2025/hb-master/panel/app/fields/radio/radio.php -> /Users/sap/Dropbox/Projects/HomeBase2025/hb-master-textonly/panel/app/fields/radio/radio.php
2025-07-24 09:22:52,969 INFO: Copied text file: /Users/sap/Dropbox/Projects/HomeBase2025/hb-master/panel/app/fields/inputlist/inputlist.php -> /Users/sap/Dropbox/Projects/HomeBase2025/hb-master-textonly/panel/app/fields/inputlist/inputlist.php
2025-07-24 09:22:52,970 INFO: Copied text file: /Users/sap/Dropbox/Projects/HomeBase2025/hb-master/panel/app/fields/hidden/hidden.php -> /Users/sap/Dropbox/Projects/HomeBase2025/hb-master-textonly/panel/app/fields/hidden/hidden.php
2025-07-24 09:22:52,972 INFO: Copied text file: /Users/sap/Dropbox/Projects/HomeBase2025/hb-master/panel/app/fields/title/title.php -> /Users/sap/Dropbox/Projects/HomeBase2025/hb-master-textonly/panel/app/fields/title/title.php
2025-07-24 09:22:52,973 INFO: Copied text file: /Users/sap/Dropbox/Projects/HomeBase2025/hb-master/panel/app/fields/input/input.php -> /Users/sap/Dropbox/Projects/HomeBase2025/hb-master-textonly/panel/app/fields/input/input.php
2025-07-24 09:22:52,974 INFO: Copied text file: /Users/sap/Dropbox/Projects/HomeBase2025/hb-master/panel/app/fields/datetime/datetime.php -> /Users/sap/Dropbox/Projects/HomeBase2025/hb-master-textonly/panel/app/fields/datetime/datetime.php
2025-07-24 09:22:52,976 INFO: Copied text file: /Users/sap/Dropbox/Projects/HomeBase2025/hb-master/panel/app/fields/date/date.php -> /Users/sap/Dropbox/Projects/HomeBase2025/hb-master-textonly/panel/app/fields/date/date.php
2025-07-24 09:22:52,977 INFO: Copied text file: /Users/sap/Dropbox/Projects/HomeBase2025/hb-master/panel/app/fields/date/assets/js/date.js -> /Users/sap/Dropbox/Projects/HomeBase2025/hb-master-textonly/panel/app/fields/date/assets/js/date.js
2025-07-24 09:22:52,979 INFO: Copied text file: /Users/sap/Dropbox/Projects/HomeBase2025/hb-master/panel/app/fields/headline/headline.php -> /Users/sap/Dropbox/Projects/HomeBase2025/hb-master-textonly/panel/app/fields/headline/headline.php
2025-07-24 09:22:52,981 INFO: Copied text file: /Users/sap/Dropbox/Projects/HomeBase2025/hb-master/panel/app/fields/headline/assets/css/headline.css -> /Users/sap/Dropbox/Projects/HomeBase2025/hb-master-textonly/panel/app/fields/headline/assets/css/headline.css
2025-07-24 09:22:52,982 INFO: Copied text file: /Users/sap/Dropbox/Projects/HomeBase2025/hb-master/panel/app/fields/checkbox/checkbox.php -> /Users/sap/Dropbox/Projects/HomeBase2025/hb-master-textonly/panel/app/fields/checkbox/checkbox.php
2025-07-24 09:22:52,984 INFO: Copied text file: /Users/sap/Dropbox/Projects/HomeBase2025/hb-master/panel/app/fields/user/user.php -> /Users/sap/Dropbox/Projects/HomeBase2025/hb-master-textonly/panel/app/fields/user/user.php
2025-07-24 09:22:52,985 INFO: Copied text file: /Users/sap/Dropbox/Projects/HomeBase2025/hb-master/panel/app/fields/url/url.php -> /Users/sap/Dropbox/Projects/HomeBase2025/hb-master-textonly/panel/app/fields/url/url.php
2025-07-24 09:22:52,986 INFO: Copied text file: /Users/sap/Dropbox/Projects/HomeBase2025/hb-master/panel/app/fields/url/assets/js/url.js -> /Users/sap/Dropbox/Projects/HomeBase2025/hb-master-textonly/panel/app/fields/url/assets/js/url.js
2025-07-24 09:22:52,987 INFO: Copied text file: /Users/sap/Dropbox/Projects/HomeBase2025/hb-master/panel/app/fields/image/image.php -> /Users/sap/Dropbox/Projects/HomeBase2025/hb-master-textonly/panel/app/fields/image/image.php
2025-07-24 09:22:52,988 INFO: Copied text file: /Users/sap/Dropbox/Projects/HomeBase2025/hb-master/panel/app/fields/image/assets/css/image.css -> /Users/sap/Dropbox/Projects/HomeBase2025/hb-master-textonly/panel/app/fields/image/assets/css/image.css
2025-07-24 09:22:52,990 INFO: Copied text file: /Users/sap/Dropbox/Projects/HomeBase2025/hb-master/panel/app/fields/image/assets/js/image.js -> /Users/sap/Dropbox/Projects/HomeBase2025/hb-master-textonly/panel/app/fields/image/assets/js/image.js
2025-07-24 09:22:52,991 INFO: Copied text file: /Users/sap/Dropbox/Projects/HomeBase2025/hb-master/panel/app/fields/time/time.php -> /Users/sap/Dropbox/Projects/HomeBase2025/hb-master-textonly/panel/app/fields/time/time.php
2025-07-24 09:22:52,993 INFO: Copied text file: /Users/sap/Dropbox/Projects/HomeBase2025/hb-master/panel/app/fields/tags/tags.php -> /Users/sap/Dropbox/Projects/HomeBase2025/hb-master-textonly/panel/app/fields/tags/tags.php
2025-07-24 09:22:52,995 INFO: Copied text file: /Users/sap/Dropbox/Projects/HomeBase2025/hb-master/panel/app/fields/number/number.php -> /Users/sap/Dropbox/Projects/HomeBase2025/hb-master-textonly/panel/app/fields/number/number.php
2025-07-24 09:22:52,996 INFO: Copied text file: /Users/sap/Dropbox/Projects/HomeBase2025/hb-master/panel/app/fields/toggle/toggle.php -> /Users/sap/Dropbox/Projects/HomeBase2025/hb-master-textonly/panel/app/fields/toggle/toggle.php
2025-07-24 09:22:52,998 INFO: Copied text file: /Users/sap/Dropbox/Projects/HomeBase2025/hb-master/panel/app/fields/info/info.php -> /Users/sap/Dropbox/Projects/HomeBase2025/hb-master-textonly/panel/app/fields/info/info.php
2025-07-24 09:22:52,999 INFO: Copied text file: /Users/sap/Dropbox/Projects/HomeBase2025/hb-master/panel/app/fields/checkboxes/checkboxes.php -> /Users/sap/Dropbox/Projects/HomeBase2025/hb-master-textonly/panel/app/fields/checkboxes/checkboxes.php
2025-07-24 09:22:53,000 INFO: Copied text file: /Users/sap/Dropbox/Projects/HomeBase2025/hb-master/panel/app/fields/textarea/controller.php -> /Users/sap/Dropbox/Projects/HomeBase2025/hb-master-textonly/panel/app/fields/textarea/controller.php
2025-07-24 09:22:53,001 INFO: Copied text file: /Users/sap/Dropbox/Projects/HomeBase2025/hb-master/panel/app/fields/textarea/buttons.php -> /Users/sap/Dropbox/Projects/HomeBase2025/hb-master-textonly/panel/app/fields/textarea/buttons.php
2025-07-24 09:22:53,003 INFO: Copied text file: /Users/sap/Dropbox/Projects/HomeBase2025/hb-master/panel/app/fields/textarea/textarea.php -> /Users/sap/Dropbox/Projects/HomeBase2025/hb-master-textonly/panel/app/fields/textarea/textarea.php
2025-07-24 09:22:53,004 INFO: Copied text file: /Users/sap/Dropbox/Projects/HomeBase2025/hb-master/panel/app/fields/textarea/forms/email.php -> /Users/sap/Dropbox/Projects/HomeBase2025/hb-master-textonly/panel/app/fields/textarea/forms/email.php
2025-07-24 09:22:53,005 INFO: Copied text file: /Users/sap/Dropbox/Projects/HomeBase2025/hb-master/panel/app/fields/textarea/forms/link.php -> /Users/sap/Dropbox/Projects/HomeBase2025/hb-master-textonly/panel/app/fields/textarea/forms/link.php
2025-07-24 09:22:53,006 INFO: Copied text file: /Users/sap/Dropbox/Projects/HomeBase2025/hb-master/panel/app/fields/textarea/views/email.php -> /Users/sap/Dropbox/Projects/HomeBase2025/hb-master-textonly/panel/app/fields/textarea/views/email.php
2025-07-24 09:22:53,007 INFO: Copied text file: /Users/sap/Dropbox/Projects/HomeBase2025/hb-master/panel/app/fields/textarea/views/link.php -> /Users/sap/Dropbox/Projects/HomeBase2025/hb-master-textonly/panel/app/fields/textarea/views/link.php
2025-07-24 09:22:53,009 INFO: Copied text file: /Users/sap/Dropbox/Projects/HomeBase2025/hb-master/panel/app/fields/textarea/assets/js/editor.js -> /Users/sap/Dropbox/Projects/HomeBase2025/hb-master-textonly/panel/app/fields/textarea/assets/js/editor.js
2025-07-24 09:22:53,011 INFO: Copied text file: /Users/sap/Dropbox/Projects/HomeBase2025/hb-master/panel/app/fields/line/line.php -> /Users/sap/Dropbox/Projects/HomeBase2025/hb-master-textonly/panel/app/fields/line/line.php
2025-07-24 09:22:53,013 INFO: Copied text file: /Users/sap/Dropbox/Projects/HomeBase2025/hb-master/panel/app/fields/filename/filename.php -> /Users/sap/Dropbox/Projects/HomeBase2025/hb-master-textonly/panel/app/fields/filename/filename.php
2025-07-24 09:22:53,014 INFO: Copied text file: /Users/sap/Dropbox/Projects/HomeBase2025/hb-master/panel/app/fields/text/text.php -> /Users/sap/Dropbox/Projects/HomeBase2025/hb-master-textonly/panel/app/fields/text/text.php
2025-07-24 09:22:53,016 INFO: Copied text file: /Users/sap/Dropbox/Projects/HomeBase2025/hb-master/panel/app/fields/text/assets/css/counter.css -> /Users/sap/Dropbox/Projects/HomeBase2025/hb-master-textonly/panel/app/fields/text/assets/css/counter.css
2025-07-24 09:22:53,018 INFO: Copied text file: /Users/sap/Dropbox/Projects/HomeBase2025/hb-master/panel/app/fields/text/assets/js/counter.js -> /Users/sap/Dropbox/Projects/HomeBase2025/hb-master-textonly/panel/app/fields/text/assets/js/counter.js
2025-07-24 09:22:53,019 INFO: Copied text file: /Users/sap/Dropbox/Projects/HomeBase2025/hb-master/panel/app/fields/select/select.php -> /Users/sap/Dropbox/Projects/HomeBase2025/hb-master-textonly/panel/app/fields/select/select.php
2025-07-24 09:22:53,020 INFO: Copied text file: /Users/sap/Dropbox/Projects/HomeBase2025/hb-master/panel/app/fields/structure/controller.php -> /Users/sap/Dropbox/Projects/HomeBase2025/hb-master-textonly/panel/app/fields/structure/controller.php
2025-07-24 09:22:53,021 INFO: Copied text file: /Users/sap/Dropbox/Projects/HomeBase2025/hb-master/panel/app/fields/structure/structure.php -> /Users/sap/Dropbox/Projects/HomeBase2025/hb-master-textonly/panel/app/fields/structure/structure.php
2025-07-24 09:22:53,023 INFO: Copied text file: /Users/sap/Dropbox/Projects/HomeBase2025/hb-master/panel/app/fields/structure/template.php -> /Users/sap/Dropbox/Projects/HomeBase2025/hb-master-textonly/panel/app/fields/structure/template.php
2025-07-24 09:22:53,035 INFO: Copied text file: /Users/sap/Dropbox/Projects/HomeBase2025/hb-master/panel/app/fields/structure/forms/add.php -> /Users/sap/Dropbox/Projects/HomeBase2025/hb-master-textonly/panel/app/fields/structure/forms/add.php
2025-07-24 09:22:53,039 INFO: Copied text file: /Users/sap/Dropbox/Projects/HomeBase2025/hb-master/panel/app/fields/structure/forms/update.php -> /Users/sap/Dropbox/Projects/HomeBase2025/hb-master-textonly/panel/app/fields/structure/forms/update.php
2025-07-24 09:22:53,040 INFO: Copied text file: /Users/sap/Dropbox/Projects/HomeBase2025/hb-master/panel/app/fields/structure/forms/delete.php -> /Users/sap/Dropbox/Projects/HomeBase2025/hb-master-textonly/panel/app/fields/structure/forms/delete.php
2025-07-24 09:22:53,041 INFO: Copied text file: /Users/sap/Dropbox/Projects/HomeBase2025/hb-master/panel/app/fields/structure/styles/items.php -> /Users/sap/Dropbox/Projects/HomeBase2025/hb-master-textonly/panel/app/fields/structure/styles/items.php
2025-07-24 09:22:53,042 INFO: Copied text file: /Users/sap/Dropbox/Projects/HomeBase2025/hb-master/panel/app/fields/structure/styles/table.php -> /Users/sap/Dropbox/Projects/HomeBase2025/hb-master-textonly/panel/app/fields/structure/styles/table.php
2025-07-24 09:22:53,043 INFO: Copied text file: /Users/sap/Dropbox/Projects/HomeBase2025/hb-master/panel/app/fields/structure/views/add.php -> /Users/sap/Dropbox/Projects/HomeBase2025/hb-master-textonly/panel/app/fields/structure/views/add.php
2025-07-24 09:22:53,052 INFO: Copied text file: /Users/sap/Dropbox/Projects/HomeBase2025/hb-master/panel/app/fields/structure/views/update.php -> /Users/sap/Dropbox/Projects/HomeBase2025/hb-master-textonly/panel/app/fields/structure/views/update.php
2025-07-24 09:22:53,054 INFO: Copied text file: /Users/sap/Dropbox/Projects/HomeBase2025/hb-master/panel/app/fields/structure/views/delete.php -> /Users/sap/Dropbox/Projects/HomeBase2025/hb-master-textonly/panel/app/fields/structure/views/delete.php
2025-07-24 09:22:53,055 INFO: Copied text file: /Users/sap/Dropbox/Projects/HomeBase2025/hb-master/panel/app/fields/structure/assets/css/structure.css -> /Users/sap/Dropbox/Projects/HomeBase2025/hb-master-textonly/panel/app/fields/structure/assets/css/structure.css
2025-07-24 09:22:53,056 INFO: Copied text file: /Users/sap/Dropbox/Projects/HomeBase2025/hb-master/panel/app/fields/structure/assets/js/structure.js -> /Users/sap/Dropbox/Projects/HomeBase2025/hb-master-textonly/panel/app/fields/structure/assets/js/structure.js
2025-07-24 09:22:53,057 INFO: Copied text file: /Users/sap/Dropbox/Projects/HomeBase2025/hb-master/panel/app/fields/email/email.php -> /Users/sap/Dropbox/Projects/HomeBase2025/hb-master-textonly/panel/app/fields/email/email.php
2025-07-24 09:22:53,059 INFO: Copied text file: /Users/sap/Dropbox/Projects/HomeBase2025/hb-master/panel/app/fields/base/base.php -> /Users/sap/Dropbox/Projects/HomeBase2025/hb-master-textonly/panel/app/fields/base/base.php
2025-07-24 09:22:53,060 INFO: Copied text file: /Users/sap/Dropbox/Projects/HomeBase2025/hb-master/panel/app/controllers/dashboard.php -> /Users/sap/Dropbox/Projects/HomeBase2025/hb-master-textonly/panel/app/controllers/dashboard.php
2025-07-24 09:22:53,061 INFO: Copied text file: /Users/sap/Dropbox/Projects/HomeBase2025/hb-master/panel/app/controllers/auth.php -> /Users/sap/Dropbox/Projects/HomeBase2025/hb-master-textonly/panel/app/controllers/auth.php
2025-07-24 09:22:53,063 INFO: Copied text file: /Users/sap/Dropbox/Projects/HomeBase2025/hb-master/panel/app/controllers/files.php -> /Users/sap/Dropbox/Projects/HomeBase2025/hb-master-textonly/panel/app/controllers/files.php
2025-07-24 09:22:53,065 INFO: Copied text file: /Users/sap/Dropbox/Projects/HomeBase2025/hb-master/panel/app/controllers/field.php -> /Users/sap/Dropbox/Projects/HomeBase2025/hb-master-textonly/panel/app/controllers/field.php
2025-07-24 09:22:53,066 INFO: Copied text file: /Users/sap/Dropbox/Projects/HomeBase2025/hb-master/panel/app/controllers/search.php -> /Users/sap/Dropbox/Projects/HomeBase2025/hb-master-textonly/panel/app/controllers/search.php
2025-07-24 09:22:53,066 INFO: Copied text file: /Users/sap/Dropbox/Projects/HomeBase2025/hb-master/panel/app/controllers/users.php -> /Users/sap/Dropbox/Projects/HomeBase2025/hb-master-textonly/panel/app/controllers/users.php
2025-07-24 09:22:53,067 INFO: Copied text file: /Users/sap/Dropbox/Projects/HomeBase2025/hb-master/panel/app/controllers/installation.php -> /Users/sap/Dropbox/Projects/HomeBase2025/hb-master-textonly/panel/app/controllers/installation.php
2025-07-24 09:22:53,068 INFO: Copied text file: /Users/sap/Dropbox/Projects/HomeBase2025/hb-master/panel/app/controllers/error.php -> /Users/sap/Dropbox/Projects/HomeBase2025/hb-master-textonly/panel/app/controllers/error.php
2025-07-24 09:22:53,069 INFO: Copied text file: /Users/sap/Dropbox/Projects/HomeBase2025/hb-master/panel/app/controllers/subpages.php -> /Users/sap/Dropbox/Projects/HomeBase2025/hb-master-textonly/panel/app/controllers/subpages.php
2025-07-24 09:22:53,070 INFO: Copied text file: /Users/sap/Dropbox/Projects/HomeBase2025/hb-master/panel/app/controllers/avatars.php -> /Users/sap/Dropbox/Projects/HomeBase2025/hb-master-textonly/panel/app/controllers/avatars.php
2025-07-24 09:22:53,070 INFO: Copied text file: /Users/sap/Dropbox/Projects/HomeBase2025/hb-master/panel/app/controllers/options.php -> /Users/sap/Dropbox/Projects/HomeBase2025/hb-master-textonly/panel/app/controllers/options.php
2025-07-24 09:22:53,071 INFO: Copied text file: /Users/sap/Dropbox/Projects/HomeBase2025/hb-master/panel/app/controllers/autocomplete.php -> /Users/sap/Dropbox/Projects/HomeBase2025/hb-master-textonly/panel/app/controllers/autocomplete.php
2025-07-24 09:22:53,072 INFO: Copied text file: /Users/sap/Dropbox/Projects/HomeBase2025/hb-master/panel/app/controllers/assets.php -> /Users/sap/Dropbox/Projects/HomeBase2025/hb-master-textonly/panel/app/controllers/assets.php
2025-07-24 09:22:53,073 INFO: Copied text file: /Users/sap/Dropbox/Projects/HomeBase2025/hb-master/panel/app/controllers/pages.php -> /Users/sap/Dropbox/Projects/HomeBase2025/hb-master-textonly/panel/app/controllers/pages.php
2025-07-24 09:22:53,075 INFO: Copied text file: /Users/sap/Dropbox/Projects/HomeBase2025/hb-master/panel/app/views/options/index.php -> /Users/sap/Dropbox/Projects/HomeBase2025/hb-master-textonly/panel/app/views/options/index.php
2025-07-24 09:22:53,076 INFO: Copied text file: /Users/sap/Dropbox/Projects/HomeBase2025/hb-master/panel/app/views/auth/login.php -> /Users/sap/Dropbox/Projects/HomeBase2025/hb-master-textonly/panel/app/views/auth/login.php
2025-07-24 09:22:53,076 INFO: Copied text file: /Users/sap/Dropbox/Projects/HomeBase2025/hb-master/panel/app/views/auth/block.php -> /Users/sap/Dropbox/Projects/HomeBase2025/hb-master-textonly/panel/app/views/auth/block.php
2025-07-24 09:22:53,077 INFO: Copied text file: /Users/sap/Dropbox/Projects/HomeBase2025/hb-master/panel/app/views/auth/error.php -> /Users/sap/Dropbox/Projects/HomeBase2025/hb-master-textonly/panel/app/views/auth/error.php
2025-07-24 09:22:53,078 INFO: Copied text file: /Users/sap/Dropbox/Projects/HomeBase2025/hb-master/panel/app/views/installation/index.php -> /Users/sap/Dropbox/Projects/HomeBase2025/hb-master-textonly/panel/app/views/installation/index.php
2025-07-24 09:22:53,081 INFO: Copied text file: /Users/sap/Dropbox/Projects/HomeBase2025/hb-master/panel/app/views/subpages/index.php -> /Users/sap/Dropbox/Projects/HomeBase2025/hb-master-textonly/panel/app/views/subpages/index.php
2025-07-24 09:22:53,082 INFO: Copied text file: /Users/sap/Dropbox/Projects/HomeBase2025/hb-master/panel/app/views/search/results.php -> /Users/sap/Dropbox/Projects/HomeBase2025/hb-master-textonly/panel/app/views/search/results.php
2025-07-24 09:22:53,084 INFO: Copied text file: /Users/sap/Dropbox/Projects/HomeBase2025/hb-master/panel/app/views/dashboard/index.php -> /Users/sap/Dropbox/Projects/HomeBase2025/hb-master-textonly/panel/app/views/dashboard/index.php
2025-07-24 09:22:53,085 INFO: Copied text file: /Users/sap/Dropbox/Projects/HomeBase2025/hb-master/panel/app/views/users/index.php -> /Users/sap/Dropbox/Projects/HomeBase2025/hb-master-textonly/panel/app/views/users/index.php
2025-07-24 09:22:53,086 INFO: Copied text file: /Users/sap/Dropbox/Projects/HomeBase2025/hb-master/panel/app/views/users/delete.php -> /Users/sap/Dropbox/Projects/HomeBase2025/hb-master-textonly/panel/app/views/users/delete.php
2025-07-24 09:22:53,087 INFO: Copied text file: /Users/sap/Dropbox/Projects/HomeBase2025/hb-master/panel/app/views/users/edit.php -> /Users/sap/Dropbox/Projects/HomeBase2025/hb-master-textonly/panel/app/views/users/edit.php
2025-07-24 09:22:53,088 INFO: Copied text file: /Users/sap/Dropbox/Projects/HomeBase2025/hb-master/panel/app/views/files/index.php -> /Users/sap/Dropbox/Projects/HomeBase2025/hb-master-textonly/panel/app/views/files/index.php
2025-07-24 09:22:53,089 INFO: Copied text file: /Users/sap/Dropbox/Projects/HomeBase2025/hb-master/panel/app/views/files/delete.php -> /Users/sap/Dropbox/Projects/HomeBase2025/hb-master-textonly/panel/app/views/files/delete.php
2025-07-24 09:22:53,090 INFO: Copied text file: /Users/sap/Dropbox/Projects/HomeBase2025/hb-master/panel/app/views/files/edit.php -> /Users/sap/Dropbox/Projects/HomeBase2025/hb-master-textonly/panel/app/views/files/edit.php
2025-07-24 09:22:53,091 INFO: Copied text file: /Users/sap/Dropbox/Projects/HomeBase2025/hb-master/panel/app/views/avatars/delete.php -> /Users/sap/Dropbox/Projects/HomeBase2025/hb-master-textonly/panel/app/views/avatars/delete.php
2025-07-24 09:22:53,092 INFO: Copied text file: /Users/sap/Dropbox/Projects/HomeBase2025/hb-master/panel/app/views/pages/add.php -> /Users/sap/Dropbox/Projects/HomeBase2025/hb-master-textonly/panel/app/views/pages/add.php
2025-07-24 09:22:53,093 INFO: Copied text file: /Users/sap/Dropbox/Projects/HomeBase2025/hb-master/panel/app/views/pages/url.php -> /Users/sap/Dropbox/Projects/HomeBase2025/hb-master-textonly/panel/app/views/pages/url.php
2025-07-24 09:22:53,094 INFO: Copied text file: /Users/sap/Dropbox/Projects/HomeBase2025/hb-master/panel/app/views/pages/delete.php -> /Users/sap/Dropbox/Projects/HomeBase2025/hb-master-textonly/panel/app/views/pages/delete.php
2025-07-24 09:22:53,095 INFO: Copied text file: /Users/sap/Dropbox/Projects/HomeBase2025/hb-master/panel/app/views/pages/edit.php -> /Users/sap/Dropbox/Projects/HomeBase2025/hb-master-textonly/panel/app/views/pages/edit.php
2025-07-24 09:22:53,096 INFO: Copied text file: /Users/sap/Dropbox/Projects/HomeBase2025/hb-master/panel/app/views/pages/template.php -> /Users/sap/Dropbox/Projects/HomeBase2025/hb-master-textonly/panel/app/views/pages/template.php
2025-07-24 09:22:53,097 INFO: Copied text file: /Users/sap/Dropbox/Projects/HomeBase2025/hb-master/panel/app/views/pages/toggle.php -> /Users/sap/Dropbox/Projects/HomeBase2025/hb-master-textonly/panel/app/views/pages/toggle.php
2025-07-24 09:22:53,098 INFO: Copied text file: /Users/sap/Dropbox/Projects/HomeBase2025/hb-master/panel/app/views/error/index.php -> /Users/sap/Dropbox/Projects/HomeBase2025/hb-master-textonly/panel/app/views/error/index.php
2025-07-24 09:22:53,099 INFO: Copied text file: /Users/sap/Dropbox/Projects/HomeBase2025/hb-master/panel/app/views/error/modal.php -> /Users/sap/Dropbox/Projects/HomeBase2025/hb-master-textonly/panel/app/views/error/modal.php
2025-07-24 09:22:53,100 INFO: Copied text file: /Users/sap/Dropbox/Projects/HomeBase2025/hb-master/panel/app/translations/readme.md -> /Users/sap/Dropbox/Projects/HomeBase2025/hb-master-textonly/panel/app/translations/readme.md
2025-07-24 09:22:53,103 INFO: Copied text file: /Users/sap/Dropbox/Projects/HomeBase2025/hb-master/panel/app/translations/pl/core.json -> /Users/sap/Dropbox/Projects/HomeBase2025/hb-master-textonly/panel/app/translations/pl/core.json
2025-07-24 09:22:53,103 INFO: Copied text file: /Users/sap/Dropbox/Projects/HomeBase2025/hb-master/panel/app/translations/pl/package.json -> /Users/sap/Dropbox/Projects/HomeBase2025/hb-master-textonly/panel/app/translations/pl/package.json
2025-07-24 09:22:53,105 INFO: Copied text file: /Users/sap/Dropbox/Projects/HomeBase2025/hb-master/panel/app/translations/da/core.json -> /Users/sap/Dropbox/Projects/HomeBase2025/hb-master-textonly/panel/app/translations/da/core.json
2025-07-24 09:22:53,107 INFO: Copied text file: /Users/sap/Dropbox/Projects/HomeBase2025/hb-master/panel/app/translations/da/package.json -> /Users/sap/Dropbox/Projects/HomeBase2025/hb-master-textonly/panel/app/translations/da/package.json
2025-07-24 09:22:53,110 INFO: Copied text file: /Users/sap/Dropbox/Projects/HomeBase2025/hb-master/panel/app/translations/sv_SE/core.json -> /Users/sap/Dropbox/Projects/HomeBase2025/hb-master-textonly/panel/app/translations/sv_SE/core.json
2025-07-24 09:22:53,111 INFO: Copied text file: /Users/sap/Dropbox/Projects/HomeBase2025/hb-master/panel/app/translations/sv_SE/package.json -> /Users/sap/Dropbox/Projects/HomeBase2025/hb-master-textonly/panel/app/translations/sv_SE/package.json
2025-07-24 09:22:53,112 INFO: Copied text file: /Users/sap/Dropbox/Projects/HomeBase2025/hb-master/panel/app/translations/pt_BR/core.json -> /Users/sap/Dropbox/Projects/HomeBase2025/hb-master-textonly/panel/app/translations/pt_BR/core.json
2025-07-24 09:22:53,113 INFO: Copied text file: /Users/sap/Dropbox/Projects/HomeBase2025/hb-master/panel/app/translations/pt_BR/package.json -> /Users/sap/Dropbox/Projects/HomeBase2025/hb-master-textonly/panel/app/translations/pt_BR/package.json
2025-07-24 09:22:53,116 INFO: Copied text file: /Users/sap/Dropbox/Projects/HomeBase2025/hb-master/panel/app/translations/ja/core.json -> /Users/sap/Dropbox/Projects/HomeBase2025/hb-master-textonly/panel/app/translations/ja/core.json
2025-07-24 09:22:53,117 INFO: Copied text file: /Users/sap/Dropbox/Projects/HomeBase2025/hb-master/panel/app/translations/ja/package.json -> /Users/sap/Dropbox/Projects/HomeBase2025/hb-master-textonly/panel/app/translations/ja/package.json
2025-07-24 09:22:53,119 INFO: Copied text file: /Users/sap/Dropbox/Projects/HomeBase2025/hb-master/panel/app/translations/el/core.json -> /Users/sap/Dropbox/Projects/HomeBase2025/hb-master-textonly/panel/app/translations/el/core.json
2025-07-24 09:22:53,120 INFO: Copied text file: /Users/sap/Dropbox/Projects/HomeBase2025/hb-master/panel/app/translations/el/package.json -> /Users/sap/Dropbox/Projects/HomeBase2025/hb-master-textonly/panel/app/translations/el/package.json
2025-07-24 09:22:53,121 INFO: Copied text file: /Users/sap/Dropbox/Projects/HomeBase2025/hb-master/panel/app/translations/it/core.json -> /Users/sap/Dropbox/Projects/HomeBase2025/hb-master-textonly/panel/app/translations/it/core.json
2025-07-24 09:22:53,123 INFO: Copied text file: /Users/sap/Dropbox/Projects/HomeBase2025/hb-master/panel/app/translations/it/package.json -> /Users/sap/Dropbox/Projects/HomeBase2025/hb-master-textonly/panel/app/translations/it/package.json
2025-07-24 09:22:53,125 INFO: Copied text file: /Users/sap/Dropbox/Projects/HomeBase2025/hb-master/panel/app/translations/ca/core.json -> /Users/sap/Dropbox/Projects/HomeBase2025/hb-master-textonly/panel/app/translations/ca/core.json
2025-07-24 09:22:53,126 INFO: Copied text file: /Users/sap/Dropbox/Projects/HomeBase2025/hb-master/panel/app/translations/ca/package.json -> /Users/sap/Dropbox/Projects/HomeBase2025/hb-master-textonly/panel/app/translations/ca/package.json
2025-07-24 09:22:53,128 INFO: Copied text file: /Users/sap/Dropbox/Projects/HomeBase2025/hb-master/panel/app/translations/zh_TW/core.json -> /Users/sap/Dropbox/Projects/HomeBase2025/hb-master-textonly/panel/app/translations/zh_TW/core.json
2025-07-24 09:22:53,129 INFO: Copied text file: /Users/sap/Dropbox/Projects/HomeBase2025/hb-master/panel/app/translations/zh_TW/package.json -> /Users/sap/Dropbox/Projects/HomeBase2025/hb-master-textonly/panel/app/translations/zh_TW/package.json
2025-07-24 09:22:53,131 INFO: Copied text file: /Users/sap/Dropbox/Projects/HomeBase2025/hb-master/panel/app/translations/cs/core.json -> /Users/sap/Dropbox/Projects/HomeBase2025/hb-master-textonly/panel/app/translations/cs/core.json
2025-07-24 09:22:53,132 INFO: Copied text file: /Users/sap/Dropbox/Projects/HomeBase2025/hb-master/panel/app/translations/cs/package.json -> /Users/sap/Dropbox/Projects/HomeBase2025/hb-master-textonly/panel/app/translations/cs/package.json
2025-07-24 09:22:53,135 INFO: Copied text file: /Users/sap/Dropbox/Projects/HomeBase2025/hb-master/panel/app/translations/pt_PT/core.json -> /Users/sap/Dropbox/Projects/HomeBase2025/hb-master-textonly/panel/app/translations/pt_PT/core.json
2025-07-24 09:22:53,136 INFO: Copied text file: /Users/sap/Dropbox/Projects/HomeBase2025/hb-master/panel/app/translations/pt_PT/package.json -> /Users/sap/Dropbox/Projects/HomeBase2025/hb-master-textonly/panel/app/translations/pt_PT/package.json
2025-07-24 09:22:53,138 INFO: Copied text file: /Users/sap/Dropbox/Projects/HomeBase2025/hb-master/panel/app/translations/ru/core.json -> /Users/sap/Dropbox/Projects/HomeBase2025/hb-master-textonly/panel/app/translations/ru/core.json
2025-07-24 09:22:53,139 INFO: Copied text file: /Users/sap/Dropbox/Projects/HomeBase2025/hb-master/panel/app/translations/ru/package.json -> /Users/sap/Dropbox/Projects/HomeBase2025/hb-master-textonly/panel/app/translations/ru/package.json
2025-07-24 09:22:53,140 INFO: Copied text file: /Users/sap/Dropbox/Projects/HomeBase2025/hb-master/panel/app/translations/ro/core.json -> /Users/sap/Dropbox/Projects/HomeBase2025/hb-master-textonly/panel/app/translations/ro/core.json
2025-07-24 09:22:53,142 INFO: Copied text file: /Users/sap/Dropbox/Projects/HomeBase2025/hb-master/panel/app/translations/ro/package.json -> /Users/sap/Dropbox/Projects/HomeBase2025/hb-master-textonly/panel/app/translations/ro/package.json
2025-07-24 09:22:53,143 INFO: Copied text file: /Users/sap/Dropbox/Projects/HomeBase2025/hb-master/panel/app/translations/zh_CN/core.json -> /Users/sap/Dropbox/Projects/HomeBase2025/hb-master-textonly/panel/app/translations/zh_CN/core.json
2025-07-24 09:22:53,145 INFO: Copied text file: /Users/sap/Dropbox/Projects/HomeBase2025/hb-master/panel/app/translations/zh_CN/package.json -> /Users/sap/Dropbox/Projects/HomeBase2025/hb-master-textonly/panel/app/translations/zh_CN/package.json
2025-07-24 09:22:53,148 INFO: Copied text file: /Users/sap/Dropbox/Projects/HomeBase2025/hb-master/panel/app/translations/es_419/core.json -> /Users/sap/Dropbox/Projects/HomeBase2025/hb-master-textonly/panel/app/translations/es_419/core.json
2025-07-24 09:22:53,149 INFO: Copied text file: /Users/sap/Dropbox/Projects/HomeBase2025/hb-master/panel/app/translations/es_419/package.json -> /Users/sap/Dropbox/Projects/HomeBase2025/hb-master-textonly/panel/app/translations/es_419/package.json
2025-07-24 09:22:53,151 INFO: Copied text file: /Users/sap/Dropbox/Projects/HomeBase2025/hb-master/panel/app/translations/ar/core.json -> /Users/sap/Dropbox/Projects/HomeBase2025/hb-master-textonly/panel/app/translations/ar/core.json
2025-07-24 09:22:53,152 INFO: Copied text file: /Users/sap/Dropbox/Projects/HomeBase2025/hb-master/panel/app/translations/ar/package.json -> /Users/sap/Dropbox/Projects/HomeBase2025/hb-master-textonly/panel/app/translations/ar/package.json
2025-07-24 09:22:53,156 INFO: Copied text file: /Users/sap/Dropbox/Projects/HomeBase2025/hb-master/panel/app/translations/hu/core.json -> /Users/sap/Dropbox/Projects/HomeBase2025/hb-master-textonly/panel/app/translations/hu/core.json
2025-07-24 09:22:53,157 INFO: Copied text file: /Users/sap/Dropbox/Projects/HomeBase2025/hb-master/panel/app/translations/hu/package.json -> /Users/sap/Dropbox/Projects/HomeBase2025/hb-master-textonly/panel/app/translations/hu/package.json
2025-07-24 09:22:53,160 INFO: Copied text file: /Users/sap/Dropbox/Projects/HomeBase2025/hb-master/panel/app/translations/nl/core.json -> /Users/sap/Dropbox/Projects/HomeBase2025/hb-master-textonly/panel/app/translations/nl/core.json
2025-07-24 09:22:53,163 INFO: Copied text file: /Users/sap/Dropbox/Projects/HomeBase2025/hb-master/panel/app/translations/nl/package.json -> /Users/sap/Dropbox/Projects/HomeBase2025/hb-master-textonly/panel/app/translations/nl/package.json
2025-07-24 09:22:53,165 INFO: Copied text file: /Users/sap/Dropbox/Projects/HomeBase2025/hb-master/panel/app/translations/bg/core.json -> /Users/sap/Dropbox/Projects/HomeBase2025/hb-master-textonly/panel/app/translations/bg/core.json
2025-07-24 09:22:53,166 INFO: Copied text file: /Users/sap/Dropbox/Projects/HomeBase2025/hb-master/panel/app/translations/bg/package.json -> /Users/sap/Dropbox/Projects/HomeBase2025/hb-master-textonly/panel/app/translations/bg/package.json
2025-07-24 09:22:53,167 INFO: Copied text file: /Users/sap/Dropbox/Projects/HomeBase2025/hb-master/panel/app/translations/nb/core.json -> /Users/sap/Dropbox/Projects/HomeBase2025/hb-master-textonly/panel/app/translations/nb/core.json
2025-07-24 09:22:53,168 INFO: Copied text file: /Users/sap/Dropbox/Projects/HomeBase2025/hb-master/panel/app/translations/nb/package.json -> /Users/sap/Dropbox/Projects/HomeBase2025/hb-master-textonly/panel/app/translations/nb/package.json
2025-07-24 09:22:53,170 INFO: Copied text file: /Users/sap/Dropbox/Projects/HomeBase2025/hb-master/panel/app/translations/de/core.json -> /Users/sap/Dropbox/Projects/HomeBase2025/hb-master-textonly/panel/app/translations/de/core.json
2025-07-24 09:22:53,171 INFO: Copied text file: /Users/sap/Dropbox/Projects/HomeBase2025/hb-master/panel/app/translations/de/package.json -> /Users/sap/Dropbox/Projects/HomeBase2025/hb-master-textonly/panel/app/translations/de/package.json
2025-07-24 09:22:53,172 INFO: Copied text file: /Users/sap/Dropbox/Projects/HomeBase2025/hb-master/panel/app/translations/ko/core.json -> /Users/sap/Dropbox/Projects/HomeBase2025/hb-master-textonly/panel/app/translations/ko/core.json
2025-07-24 09:22:53,173 INFO: Copied text file: /Users/sap/Dropbox/Projects/HomeBase2025/hb-master/panel/app/translations/ko/package.json -> /Users/sap/Dropbox/Projects/HomeBase2025/hb-master-textonly/panel/app/translations/ko/package.json
2025-07-24 09:22:53,174 INFO: Copied text file: /Users/sap/Dropbox/Projects/HomeBase2025/hb-master/panel/app/translations/fi/core.json -> /Users/sap/Dropbox/Projects/HomeBase2025/hb-master-textonly/panel/app/translations/fi/core.json
2025-07-24 09:22:53,175 INFO: Copied text file: /Users/sap/Dropbox/Projects/HomeBase2025/hb-master/panel/app/translations/fi/package.json -> /Users/sap/Dropbox/Projects/HomeBase2025/hb-master-textonly/panel/app/translations/fi/package.json
2025-07-24 09:22:53,177 INFO: Copied text file: /Users/sap/Dropbox/Projects/HomeBase2025/hb-master/panel/app/translations/id/core.json -> /Users/sap/Dropbox/Projects/HomeBase2025/hb-master-textonly/panel/app/translations/id/core.json
2025-07-24 09:22:53,179 INFO: Copied text file: /Users/sap/Dropbox/Projects/HomeBase2025/hb-master/panel/app/translations/id/package.json -> /Users/sap/Dropbox/Projects/HomeBase2025/hb-master-textonly/panel/app/translations/id/package.json
2025-07-24 09:22:53,181 INFO: Copied text file: /Users/sap/Dropbox/Projects/HomeBase2025/hb-master/panel/app/translations/fr/core.json -> /Users/sap/Dropbox/Projects/HomeBase2025/hb-master-textonly/panel/app/translations/fr/core.json
2025-07-24 09:22:53,182 INFO: Copied text file: /Users/sap/Dropbox/Projects/HomeBase2025/hb-master/panel/app/translations/fr/package.json -> /Users/sap/Dropbox/Projects/HomeBase2025/hb-master-textonly/panel/app/translations/fr/package.json
2025-07-24 09:22:53,183 INFO: Copied text file: /Users/sap/Dropbox/Projects/HomeBase2025/hb-master/panel/app/translations/en/core.json -> /Users/sap/Dropbox/Projects/HomeBase2025/hb-master-textonly/panel/app/translations/en/core.json
2025-07-24 09:22:53,184 INFO: Copied text file: /Users/sap/Dropbox/Projects/HomeBase2025/hb-master/panel/app/translations/en/package.json -> /Users/sap/Dropbox/Projects/HomeBase2025/hb-master-textonly/panel/app/translations/en/package.json
2025-07-24 09:22:53,186 INFO: Copied text file: /Users/sap/Dropbox/Projects/HomeBase2025/hb-master/panel/app/translations/fa/core.json -> /Users/sap/Dropbox/Projects/HomeBase2025/hb-master-textonly/panel/app/translations/fa/core.json
2025-07-24 09:22:53,187 INFO: Copied text file: /Users/sap/Dropbox/Projects/HomeBase2025/hb-master/panel/app/translations/fa/package.json -> /Users/sap/Dropbox/Projects/HomeBase2025/hb-master-textonly/panel/app/translations/fa/package.json
2025-07-24 09:22:53,188 INFO: Copied text file: /Users/sap/Dropbox/Projects/HomeBase2025/hb-master/panel/app/translations/es_ES/core.json -> /Users/sap/Dropbox/Projects/HomeBase2025/hb-master-textonly/panel/app/translations/es_ES/core.json
2025-07-24 09:22:53,189 INFO: Copied text file: /Users/sap/Dropbox/Projects/HomeBase2025/hb-master/panel/app/translations/es_ES/package.json -> /Users/sap/Dropbox/Projects/HomeBase2025/hb-master-textonly/panel/app/translations/es_ES/package.json
2025-07-24 09:22:53,190 INFO: Copied text file: /Users/sap/Dropbox/Projects/HomeBase2025/hb-master/panel/app/translations/tr/core.json -> /Users/sap/Dropbox/Projects/HomeBase2025/hb-master-textonly/panel/app/translations/tr/core.json
2025-07-24 09:22:53,191 INFO: Copied text file: /Users/sap/Dropbox/Projects/HomeBase2025/hb-master/panel/app/translations/tr/package.json -> /Users/sap/Dropbox/Projects/HomeBase2025/hb-master-textonly/panel/app/translations/tr/package.json
2025-07-24 09:22:53,193 INFO: Copied text file: /Users/sap/Dropbox/Projects/HomeBase2025/hb-master/panel/app/widgets/license/license.php -> /Users/sap/Dropbox/Projects/HomeBase2025/hb-master-textonly/panel/app/widgets/license/license.php
2025-07-24 09:22:53,195 INFO: Copied text file: /Users/sap/Dropbox/Projects/HomeBase2025/hb-master/panel/app/widgets/license/license.html.php -> /Users/sap/Dropbox/Projects/HomeBase2025/hb-master-textonly/panel/app/widgets/license/license.html.php
2025-07-24 09:22:53,197 INFO: Copied text file: /Users/sap/Dropbox/Projects/HomeBase2025/hb-master/panel/app/widgets/history/history.php -> /Users/sap/Dropbox/Projects/HomeBase2025/hb-master-textonly/panel/app/widgets/history/history.php
2025-07-24 09:22:53,199 INFO: Copied text file: /Users/sap/Dropbox/Projects/HomeBase2025/hb-master/panel/app/widgets/history/history.html.php -> /Users/sap/Dropbox/Projects/HomeBase2025/hb-master-textonly/panel/app/widgets/history/history.html.php
2025-07-24 09:22:53,200 INFO: Copied text file: /Users/sap/Dropbox/Projects/HomeBase2025/hb-master/panel/app/widgets/site/site.html.php -> /Users/sap/Dropbox/Projects/HomeBase2025/hb-master-textonly/panel/app/widgets/site/site.html.php
2025-07-24 09:22:53,201 INFO: Copied text file: /Users/sap/Dropbox/Projects/HomeBase2025/hb-master/panel/app/widgets/site/site.php -> /Users/sap/Dropbox/Projects/HomeBase2025/hb-master-textonly/panel/app/widgets/site/site.php
2025-07-24 09:22:53,203 INFO: Copied text file: /Users/sap/Dropbox/Projects/HomeBase2025/hb-master/panel/app/widgets/account/account.php -> /Users/sap/Dropbox/Projects/HomeBase2025/hb-master-textonly/panel/app/widgets/account/account.php
2025-07-24 09:22:53,204 INFO: Copied text file: /Users/sap/Dropbox/Projects/HomeBase2025/hb-master/panel/app/widgets/account/account.html.php -> /Users/sap/Dropbox/Projects/HomeBase2025/hb-master-textonly/panel/app/widgets/account/account.html.php
2025-07-24 09:22:53,205 INFO: Copied text file: /Users/sap/Dropbox/Projects/HomeBase2025/hb-master/panel/app/widgets/pages/pages.html.php -> /Users/sap/Dropbox/Projects/HomeBase2025/hb-master-textonly/panel/app/widgets/pages/pages.html.php
2025-07-24 09:22:53,209 INFO: Copied text file: /Users/sap/Dropbox/Projects/HomeBase2025/hb-master/panel/app/widgets/pages/pages.php -> /Users/sap/Dropbox/Projects/HomeBase2025/hb-master-textonly/panel/app/widgets/pages/pages.php
2025-07-24 09:22:53,215 INFO: Copied text file: /Users/sap/Dropbox/Projects/HomeBase2025/hb-master/panel/app/src/panel.php -> /Users/sap/Dropbox/Projects/HomeBase2025/hb-master-textonly/panel/app/src/panel.php
2025-07-24 09:22:53,217 INFO: Copied text file: /Users/sap/Dropbox/Projects/HomeBase2025/hb-master/panel/app/src/panel/translation.php -> /Users/sap/Dropbox/Projects/HomeBase2025/hb-master-textonly/panel/app/src/panel/translation.php
2025-07-24 09:22:53,218 INFO: Copied text file: /Users/sap/Dropbox/Projects/HomeBase2025/hb-master/panel/app/src/panel/widgets.php -> /Users/sap/Dropbox/Projects/HomeBase2025/hb-master-textonly/panel/app/src/panel/widgets.php
2025-07-24 09:22:53,219 INFO: Copied text file: /Users/sap/Dropbox/Projects/HomeBase2025/hb-master/panel/app/src/panel/event.php -> /Users/sap/Dropbox/Projects/HomeBase2025/hb-master-textonly/panel/app/src/panel/event.php
2025-07-24 09:22:53,220 INFO: Copied text file: /Users/sap/Dropbox/Projects/HomeBase2025/hb-master/panel/app/src/panel/topbar.php -> /Users/sap/Dropbox/Projects/HomeBase2025/hb-master-textonly/panel/app/src/panel/topbar.php
2025-07-24 09:22:53,221 INFO: Copied text file: /Users/sap/Dropbox/Projects/HomeBase2025/hb-master/panel/app/src/panel/login.php -> /Users/sap/Dropbox/Projects/HomeBase2025/hb-master-textonly/panel/app/src/panel/login.php
2025-07-24 09:22:53,222 INFO: Copied text file: /Users/sap/Dropbox/Projects/HomeBase2025/hb-master/panel/app/src/panel/errorhandling.php -> /Users/sap/Dropbox/Projects/HomeBase2025/hb-master-textonly/panel/app/src/panel/errorhandling.php
2025-07-24 09:22:53,223 INFO: Copied text file: /Users/sap/Dropbox/Projects/HomeBase2025/hb-master/panel/app/src/panel/search.php -> /Users/sap/Dropbox/Projects/HomeBase2025/hb-master-textonly/panel/app/src/panel/search.php
2025-07-24 09:22:53,224 INFO: Copied text file: /Users/sap/Dropbox/Projects/HomeBase2025/hb-master/panel/app/src/panel/layout.php -> /Users/sap/Dropbox/Projects/HomeBase2025/hb-master-textonly/panel/app/src/panel/layout.php
2025-07-24 09:22:53,225 INFO: Copied text file: /Users/sap/Dropbox/Projects/HomeBase2025/hb-master/panel/app/src/panel/urls.php -> /Users/sap/Dropbox/Projects/HomeBase2025/hb-master-textonly/panel/app/src/panel/urls.php
2025-07-24 09:22:53,226 INFO: Copied text file: /Users/sap/Dropbox/Projects/HomeBase2025/hb-master/panel/app/src/panel/structure.php -> /Users/sap/Dropbox/Projects/HomeBase2025/hb-master-textonly/panel/app/src/panel/structure.php
2025-07-24 09:22:53,227 INFO: Copied text file: /Users/sap/Dropbox/Projects/HomeBase2025/hb-master/panel/app/src/panel/upload.php -> /Users/sap/Dropbox/Projects/HomeBase2025/hb-master-textonly/panel/app/src/panel/upload.php
2025-07-24 09:22:53,229 INFO: Copied text file: /Users/sap/Dropbox/Projects/HomeBase2025/hb-master/panel/app/src/panel/view.php -> /Users/sap/Dropbox/Projects/HomeBase2025/hb-master-textonly/panel/app/src/panel/view.php
2025-07-24 09:22:53,232 INFO: Copied text file: /Users/sap/Dropbox/Projects/HomeBase2025/hb-master/panel/app/src/panel/installer.php -> /Users/sap/Dropbox/Projects/HomeBase2025/hb-master-textonly/panel/app/src/panel/installer.php
2025-07-24 09:22:53,233 INFO: Copied text file: /Users/sap/Dropbox/Projects/HomeBase2025/hb-master/panel/app/src/panel/form.php -> /Users/sap/Dropbox/Projects/HomeBase2025/hb-master-textonly/panel/app/src/panel/form.php
2025-07-24 09:22:53,235 INFO: Copied text file: /Users/sap/Dropbox/Projects/HomeBase2025/hb-master/panel/app/src/panel/autocomplete.php -> /Users/sap/Dropbox/Projects/HomeBase2025/hb-master-textonly/panel/app/src/panel/autocomplete.php
2025-07-24 09:22:53,236 INFO: Copied text file: /Users/sap/Dropbox/Projects/HomeBase2025/hb-master/panel/app/src/panel/snippet.php -> /Users/sap/Dropbox/Projects/HomeBase2025/hb-master-textonly/panel/app/src/panel/snippet.php
2025-07-24 09:22:53,237 INFO: Copied text file: /Users/sap/Dropbox/Projects/HomeBase2025/hb-master/panel/app/src/panel/roots.php -> /Users/sap/Dropbox/Projects/HomeBase2025/hb-master-textonly/panel/app/src/panel/roots.php
2025-07-24 09:22:53,238 INFO: Copied text file: /Users/sap/Dropbox/Projects/HomeBase2025/hb-master/panel/app/src/panel/form/plugins.php -> /Users/sap/Dropbox/Projects/HomeBase2025/hb-master-textonly/panel/app/src/panel/form/plugins.php
2025-07-24 09:22:53,239 INFO: Copied text file: /Users/sap/Dropbox/Projects/HomeBase2025/hb-master/panel/app/src/panel/form/fieldoptions.php -> /Users/sap/Dropbox/Projects/HomeBase2025/hb-master-textonly/panel/app/src/panel/form/fieldoptions.php
2025-07-24 09:22:53,241 INFO: Copied text file: /Users/sap/Dropbox/Projects/HomeBase2025/hb-master/panel/app/src/panel/models/file.php -> /Users/sap/Dropbox/Projects/HomeBase2025/hb-master-textonly/panel/app/src/panel/models/file.php
2025-07-24 09:22:53,242 INFO: Copied text file: /Users/sap/Dropbox/Projects/HomeBase2025/hb-master/panel/app/src/panel/models/user.php -> /Users/sap/Dropbox/Projects/HomeBase2025/hb-master-textonly/panel/app/src/panel/models/user.php
2025-07-24 09:22:53,243 INFO: Copied text file: /Users/sap/Dropbox/Projects/HomeBase2025/hb-master/panel/app/src/panel/models/page.php -> /Users/sap/Dropbox/Projects/HomeBase2025/hb-master-textonly/panel/app/src/panel/models/page.php
2025-07-24 09:22:53,244 INFO: Copied text file: /Users/sap/Dropbox/Projects/HomeBase2025/hb-master/panel/app/src/panel/models/site.php -> /Users/sap/Dropbox/Projects/HomeBase2025/hb-master-textonly/panel/app/src/panel/models/site.php
2025-07-24 09:22:53,246 INFO: Copied text file: /Users/sap/Dropbox/Projects/HomeBase2025/hb-master/panel/app/src/panel/models/page/blueprint.php -> /Users/sap/Dropbox/Projects/HomeBase2025/hb-master-textonly/panel/app/src/panel/models/page/blueprint.php
2025-07-24 09:22:53,247 INFO: Copied text file: /Users/sap/Dropbox/Projects/HomeBase2025/hb-master/panel/app/src/panel/models/page/uploader.php -> /Users/sap/Dropbox/Projects/HomeBase2025/hb-master-textonly/panel/app/src/panel/models/page/uploader.php
2025-07-24 09:22:53,248 INFO: Copied text file: /Users/sap/Dropbox/Projects/HomeBase2025/hb-master/panel/app/src/panel/models/page/sorter.php -> /Users/sap/Dropbox/Projects/HomeBase2025/hb-master-textonly/panel/app/src/panel/models/page/sorter.php
2025-07-24 09:22:53,250 INFO: Copied text file: /Users/sap/Dropbox/Projects/HomeBase2025/hb-master/panel/app/src/panel/models/page/menu.php -> /Users/sap/Dropbox/Projects/HomeBase2025/hb-master-textonly/panel/app/src/panel/models/page/menu.php
2025-07-24 09:22:53,251 INFO: Copied text file: /Users/sap/Dropbox/Projects/HomeBase2025/hb-master/panel/app/src/panel/models/page/options.php -> /Users/sap/Dropbox/Projects/HomeBase2025/hb-master-textonly/panel/app/src/panel/models/page/options.php
2025-07-24 09:22:53,252 INFO: Copied text file: /Users/sap/Dropbox/Projects/HomeBase2025/hb-master/panel/app/src/panel/models/page/changes.php -> /Users/sap/Dropbox/Projects/HomeBase2025/hb-master-textonly/panel/app/src/panel/models/page/changes.php
2025-07-24 09:22:53,253 INFO: Copied text file: /Users/sap/Dropbox/Projects/HomeBase2025/hb-master/panel/app/src/panel/models/page/ui.php -> /Users/sap/Dropbox/Projects/HomeBase2025/hb-master-textonly/panel/app/src/panel/models/page/ui.php
2025-07-24 09:22:53,254 INFO: Copied text file: /Users/sap/Dropbox/Projects/HomeBase2025/hb-master/panel/app/src/panel/models/page/sidebar.php -> /Users/sap/Dropbox/Projects/HomeBase2025/hb-master-textonly/panel/app/src/panel/models/page/sidebar.php
2025-07-24 09:22:53,255 INFO: Copied text file: /Users/sap/Dropbox/Projects/HomeBase2025/hb-master/panel/app/src/panel/models/page/addbutton.php -> /Users/sap/Dropbox/Projects/HomeBase2025/hb-master-textonly/panel/app/src/panel/models/page/addbutton.php
2025-07-24 09:22:53,256 INFO: Copied text file: /Users/sap/Dropbox/Projects/HomeBase2025/hb-master/panel/app/src/panel/models/page/blueprint/fields.php -> /Users/sap/Dropbox/Projects/HomeBase2025/hb-master-textonly/panel/app/src/panel/models/page/blueprint/fields.php
2025-07-24 09:22:53,257 INFO: Copied text file: /Users/sap/Dropbox/Projects/HomeBase2025/hb-master/panel/app/src/panel/models/page/blueprint/files.php -> /Users/sap/Dropbox/Projects/HomeBase2025/hb-master-textonly/panel/app/src/panel/models/page/blueprint/files.php
2025-07-24 09:22:53,258 INFO: Copied text file: /Users/sap/Dropbox/Projects/HomeBase2025/hb-master/panel/app/src/panel/models/page/blueprint/field.php -> /Users/sap/Dropbox/Projects/HomeBase2025/hb-master-textonly/panel/app/src/panel/models/page/blueprint/field.php
2025-07-24 09:22:53,259 INFO: Copied text file: /Users/sap/Dropbox/Projects/HomeBase2025/hb-master/panel/app/src/panel/models/page/blueprint/options.php -> /Users/sap/Dropbox/Projects/HomeBase2025/hb-master-textonly/panel/app/src/panel/models/page/blueprint/options.php
2025-07-24 09:22:53,260 INFO: Copied text file: /Users/sap/Dropbox/Projects/HomeBase2025/hb-master/panel/app/src/panel/models/page/blueprint/pages.php -> /Users/sap/Dropbox/Projects/HomeBase2025/hb-master-textonly/panel/app/src/panel/models/page/blueprint/pages.php
2025-07-24 09:22:53,262 INFO: Copied text file: /Users/sap/Dropbox/Projects/HomeBase2025/hb-master/panel/app/src/panel/models/file/menu.php -> /Users/sap/Dropbox/Projects/HomeBase2025/hb-master-textonly/panel/app/src/panel/models/file/menu.php
2025-07-24 09:22:53,263 INFO: Copied text file: /Users/sap/Dropbox/Projects/HomeBase2025/hb-master/panel/app/src/panel/models/file/options.php -> /Users/sap/Dropbox/Projects/HomeBase2025/hb-master-textonly/panel/app/src/panel/models/file/options.php
2025-07-24 09:22:53,264 INFO: Copied text file: /Users/sap/Dropbox/Projects/HomeBase2025/hb-master/panel/app/src/panel/models/file/ui.php -> /Users/sap/Dropbox/Projects/HomeBase2025/hb-master-textonly/panel/app/src/panel/models/file/ui.php
2025-07-24 09:22:53,266 INFO: Copied text file: /Users/sap/Dropbox/Projects/HomeBase2025/hb-master/panel/app/src/panel/models/user/blueprint.php -> /Users/sap/Dropbox/Projects/HomeBase2025/hb-master-textonly/panel/app/src/panel/models/user/blueprint.php
2025-07-24 09:22:53,266 INFO: Copied text file: /Users/sap/Dropbox/Projects/HomeBase2025/hb-master/panel/app/src/panel/models/user/avatar.php -> /Users/sap/Dropbox/Projects/HomeBase2025/hb-master-textonly/panel/app/src/panel/models/user/avatar.php
2025-07-24 09:22:53,268 INFO: Copied text file: /Users/sap/Dropbox/Projects/HomeBase2025/hb-master/panel/app/src/panel/models/user/history.php -> /Users/sap/Dropbox/Projects/HomeBase2025/hb-master-textonly/panel/app/src/panel/models/user/history.php
2025-07-24 09:22:53,269 INFO: Copied text file: /Users/sap/Dropbox/Projects/HomeBase2025/hb-master/panel/app/src/panel/models/user/ui.php -> /Users/sap/Dropbox/Projects/HomeBase2025/hb-master-textonly/panel/app/src/panel/models/user/ui.php
2025-07-24 09:22:53,270 INFO: Copied text file: /Users/sap/Dropbox/Projects/HomeBase2025/hb-master/panel/app/src/panel/models/user/avatar/ui.php -> /Users/sap/Dropbox/Projects/HomeBase2025/hb-master-textonly/panel/app/src/panel/models/user/avatar/ui.php
2025-07-24 09:22:53,271 INFO: Copied text file: /Users/sap/Dropbox/Projects/HomeBase2025/hb-master/panel/app/src/panel/models/site/options.php -> /Users/sap/Dropbox/Projects/HomeBase2025/hb-master-textonly/panel/app/src/panel/models/site/options.php
2025-07-24 09:22:53,272 INFO: Copied text file: /Users/sap/Dropbox/Projects/HomeBase2025/hb-master/panel/app/src/panel/models/site/ui.php -> /Users/sap/Dropbox/Projects/HomeBase2025/hb-master-textonly/panel/app/src/panel/models/site/ui.php
2025-07-24 09:22:53,273 INFO: Copied text file: /Users/sap/Dropbox/Projects/HomeBase2025/hb-master/panel/app/src/panel/exceptions/permissions.php -> /Users/sap/Dropbox/Projects/HomeBase2025/hb-master-textonly/panel/app/src/panel/exceptions/permissions.php
2025-07-24 09:22:53,274 INFO: Copied text file: /Users/sap/Dropbox/Projects/HomeBase2025/hb-master/panel/app/src/panel/controllers/field.php -> /Users/sap/Dropbox/Projects/HomeBase2025/hb-master-textonly/panel/app/src/panel/controllers/field.php
2025-07-24 09:22:53,274 INFO: Copied text file: /Users/sap/Dropbox/Projects/HomeBase2025/hb-master/panel/app/src/panel/controllers/base.php -> /Users/sap/Dropbox/Projects/HomeBase2025/hb-master-textonly/panel/app/src/panel/controllers/base.php
2025-07-24 09:22:53,276 INFO: Copied text file: /Users/sap/Dropbox/Projects/HomeBase2025/hb-master/panel/app/src/panel/collections/files.php -> /Users/sap/Dropbox/Projects/HomeBase2025/hb-master-textonly/panel/app/src/panel/collections/files.php
2025-07-24 09:22:53,277 INFO: Copied text file: /Users/sap/Dropbox/Projects/HomeBase2025/hb-master/panel/app/src/panel/collections/children.php -> /Users/sap/Dropbox/Projects/HomeBase2025/hb-master-textonly/panel/app/src/panel/collections/children.php
2025-07-24 09:22:53,279 INFO: Copied text file: /Users/sap/Dropbox/Projects/HomeBase2025/hb-master/panel/app/src/panel/collections/users.php -> /Users/sap/Dropbox/Projects/HomeBase2025/hb-master-textonly/panel/app/src/panel/collections/users.php
2025-07-24 09:22:53,281 INFO: Copied text file: /Users/sap/Dropbox/Projects/HomeBase2025/hb-master/panel/app/src/panel/structure/store.php -> /Users/sap/Dropbox/Projects/HomeBase2025/hb-master-textonly/panel/app/src/panel/structure/store.php
2025-07-24 09:22:53,283 INFO: Creating placeholder for media: /Users/sap/Dropbox/Projects/HomeBase2025/hb-master/panel/tests/dummy/images/forrest.jpg -> /Users/sap/Dropbox/Projects/HomeBase2025/hb-master-textonly/panel/tests/dummy/images/forrest.jpg.placeholder
2025-07-24 09:22:53,285 INFO: Copied text file: /Users/sap/Dropbox/Projects/HomeBase2025/hb-master/panel/tests/dummy/site/blueprints/alphabet.php -> /Users/sap/Dropbox/Projects/HomeBase2025/hb-master-textonly/panel/tests/dummy/site/blueprints/alphabet.php
2025-07-24 09:22:53,286 INFO: Copied text file: /Users/sap/Dropbox/Projects/HomeBase2025/hb-master/panel/tests/dummy/site/blueprints/blog.php -> /Users/sap/Dropbox/Projects/HomeBase2025/hb-master-textonly/panel/tests/dummy/site/blueprints/blog.php
2025-07-24 09:22:53,287 INFO: Copied text file: /Users/sap/Dropbox/Projects/HomeBase2025/hb-master/panel/tests/dummy/site/blueprints/default.php -> /Users/sap/Dropbox/Projects/HomeBase2025/hb-master-textonly/panel/tests/dummy/site/blueprints/default.php
2025-07-24 09:22:53,288 INFO: Copied text file: /Users/sap/Dropbox/Projects/HomeBase2025/hb-master/panel/tests/tests/UserModelTest.php -> /Users/sap/Dropbox/Projects/HomeBase2025/hb-master-textonly/panel/tests/tests/UserModelTest.php
2025-07-24 09:22:53,289 INFO: Copied text file: /Users/sap/Dropbox/Projects/HomeBase2025/hb-master/panel/tests/tests/SiteModelTest.php -> /Users/sap/Dropbox/Projects/HomeBase2025/hb-master-textonly/panel/tests/tests/SiteModelTest.php
2025-07-24 09:22:53,290 INFO: Copied text file: /Users/sap/Dropbox/Projects/HomeBase2025/hb-master/panel/tests/tests/FileModelTest.php -> /Users/sap/Dropbox/Projects/HomeBase2025/hb-master-textonly/panel/tests/tests/FileModelTest.php
2025-07-24 09:22:53,291 INFO: Copied text file: /Users/sap/Dropbox/Projects/HomeBase2025/hb-master/panel/tests/tests/PanelTest.php -> /Users/sap/Dropbox/Projects/HomeBase2025/hb-master-textonly/panel/tests/tests/PanelTest.php
2025-07-24 09:22:53,291 INFO: Copied text file: /Users/sap/Dropbox/Projects/HomeBase2025/hb-master/panel/tests/tests/NumberingTest.php -> /Users/sap/Dropbox/Projects/HomeBase2025/hb-master-textonly/panel/tests/tests/NumberingTest.php
2025-07-24 09:22:53,292 INFO: Copied text file: /Users/sap/Dropbox/Projects/HomeBase2025/hb-master/panel/tests/tests/HistoryTest.php -> /Users/sap/Dropbox/Projects/HomeBase2025/hb-master-textonly/panel/tests/tests/HistoryTest.php
2025-07-24 09:22:53,293 INFO: Copied text file: /Users/sap/Dropbox/Projects/HomeBase2025/hb-master/panel/tests/tests/StructureTest.php -> /Users/sap/Dropbox/Projects/HomeBase2025/hb-master-textonly/panel/tests/tests/StructureTest.php
2025-07-24 09:22:53,294 INFO: Copied text file: /Users/sap/Dropbox/Projects/HomeBase2025/hb-master/panel/tests/tests/PageModelTest.php -> /Users/sap/Dropbox/Projects/HomeBase2025/hb-master-textonly/panel/tests/tests/PageModelTest.php
2025-07-24 09:22:53,296 INFO: Copied text file: /Users/sap/Dropbox/Projects/HomeBase2025/hb-master/panel/tests/tests/AutocompleteTest.php -> /Users/sap/Dropbox/Projects/HomeBase2025/hb-master-textonly/panel/tests/tests/AutocompleteTest.php
2025-07-24 09:22:53,298 INFO: Copied text file: /Users/sap/Dropbox/Projects/HomeBase2025/hb-master/panel/tests/tests/ChangesTest.php -> /Users/sap/Dropbox/Projects/HomeBase2025/hb-master-textonly/panel/tests/tests/ChangesTest.php
2025-07-24 09:22:53,300 INFO: Copied text file: /Users/sap/Dropbox/Projects/HomeBase2025/hb-master/panel/tests/lib/bootstrap.php -> /Users/sap/Dropbox/Projects/HomeBase2025/hb-master-textonly/panel/tests/lib/bootstrap.php
2025-07-24 09:22:53,301 INFO: Copied text file: /Users/sap/Dropbox/Projects/HomeBase2025/hb-master/panel/tests/lib/testcase.php -> /Users/sap/Dropbox/Projects/HomeBase2025/hb-master-textonly/panel/tests/lib/testcase.php
2025-07-24 09:22:53,303 INFO: Copied text file: /Users/sap/Dropbox/Projects/HomeBase2025/hb-master/panel/assets/css/form.min.css -> /Users/sap/Dropbox/Projects/HomeBase2025/hb-master-textonly/panel/assets/css/form.min.css
2025-07-24 09:22:53,304 INFO: Copied text file: /Users/sap/Dropbox/Projects/HomeBase2025/hb-master/panel/assets/css/form.css -> /Users/sap/Dropbox/Projects/HomeBase2025/hb-master-textonly/panel/assets/css/form.css
2025-07-24 09:22:53,305 INFO: Copied text file: /Users/sap/Dropbox/Projects/HomeBase2025/hb-master/panel/assets/css/panel.min.css -> /Users/sap/Dropbox/Projects/HomeBase2025/hb-master-textonly/panel/assets/css/panel.min.css
2025-07-24 09:22:53,307 INFO: Copied text file: /Users/sap/Dropbox/Projects/HomeBase2025/hb-master/panel/assets/css/panel.css -> /Users/sap/Dropbox/Projects/HomeBase2025/hb-master-textonly/panel/assets/css/panel.css
2025-07-24 09:22:53,308 INFO: Creating placeholder for media: /Users/sap/Dropbox/Projects/HomeBase2025/hb-master/panel/assets/images/loader.black.gif -> /Users/sap/Dropbox/Projects/HomeBase2025/hb-master-textonly/panel/assets/images/loader.black.gif.placeholder
2025-07-24 09:22:53,309 INFO: Creating placeholder for media: /Users/sap/Dropbox/Projects/HomeBase2025/hb-master/panel/assets/images/hint.arrows.png -> /Users/sap/Dropbox/Projects/HomeBase2025/hb-master-textonly/panel/assets/images/hint.arrows.png.placeholder
2025-07-24 09:22:53,309 INFO: Creating placeholder for media: /Users/sap/Dropbox/Projects/HomeBase2025/hb-master/panel/assets/images/pattern.png -> /Users/sap/Dropbox/Projects/HomeBase2025/hb-master-textonly/panel/assets/images/pattern.png.placeholder
2025-07-24 09:22:53,310 INFO: Creating placeholder for media: /Users/sap/Dropbox/Projects/HomeBase2025/hb-master/panel/assets/images/placeholder.png -> /Users/sap/Dropbox/Projects/HomeBase2025/hb-master-textonly/panel/assets/images/placeholder.png.placeholder
2025-07-24 09:22:53,310 INFO: Creating placeholder for media: /Users/sap/Dropbox/Projects/HomeBase2025/hb-master/panel/assets/images/avatar.png -> /Users/sap/Dropbox/Projects/HomeBase2025/hb-master-textonly/panel/assets/images/avatar.png.placeholder
2025-07-24 09:22:53,311 INFO: Creating placeholder for media: /Users/sap/Dropbox/Projects/HomeBase2025/hb-master/panel/assets/images/loader.white.gif -> /Users/sap/Dropbox/Projects/HomeBase2025/hb-master-textonly/panel/assets/images/loader.white.gif.placeholder
2025-07-24 09:22:53,316 INFO: Copied text file: /Users/sap/Dropbox/Projects/HomeBase2025/hb-master/panel/assets/js/dist/panel.min.js -> /Users/sap/Dropbox/Projects/HomeBase2025/hb-master-textonly/panel/assets/js/dist/panel.min.js
2025-07-24 09:22:53,317 INFO: Copied text file: /Users/sap/Dropbox/Projects/HomeBase2025/hb-master/panel/assets/js/dist/app.min.js -> /Users/sap/Dropbox/Projects/HomeBase2025/hb-master-textonly/panel/assets/js/dist/app.min.js
2025-07-24 09:22:53,321 INFO: Copied text file: /Users/sap/Dropbox/Projects/HomeBase2025/hb-master/panel/assets/js/dist/panel.js -> /Users/sap/Dropbox/Projects/HomeBase2025/hb-master-textonly/panel/assets/js/dist/panel.js
2025-07-24 09:22:53,322 INFO: Copied text file: /Users/sap/Dropbox/Projects/HomeBase2025/hb-master/panel/assets/js/dist/form.min.js -> /Users/sap/Dropbox/Projects/HomeBase2025/hb-master-textonly/panel/assets/js/dist/form.min.js
2025-07-24 09:22:53,323 INFO: Copied text file: /Users/sap/Dropbox/Projects/HomeBase2025/hb-master/panel/assets/js/dist/form.js -> /Users/sap/Dropbox/Projects/HomeBase2025/hb-master-textonly/panel/assets/js/dist/form.js
2025-07-24 09:22:53,324 INFO: Copied text file: /Users/sap/Dropbox/Projects/HomeBase2025/hb-master/panel/assets/js/dist/app.js -> /Users/sap/Dropbox/Projects/HomeBase2025/hb-master-textonly/panel/assets/js/dist/app.js
2025-07-24 09:22:53,325 INFO: Copied text file: /Users/sap/Dropbox/Projects/HomeBase2025/hb-master/panel/assets/js/src/app.js -> /Users/sap/Dropbox/Projects/HomeBase2025/hb-master-textonly/panel/assets/js/src/app.js
2025-07-24 09:22:53,327 INFO: Copied text file: /Users/sap/Dropbox/Projects/HomeBase2025/hb-master/panel/assets/js/src/plugins/moment.js -> /Users/sap/Dropbox/Projects/HomeBase2025/hb-master-textonly/panel/assets/js/src/plugins/moment.js
2025-07-24 09:22:53,328 INFO: Copied text file: /Users/sap/Dropbox/Projects/HomeBase2025/hb-master/panel/assets/js/src/plugins/pikaday.js -> /Users/sap/Dropbox/Projects/HomeBase2025/hb-master-textonly/panel/assets/js/src/plugins/pikaday.js
2025-07-24 09:22:53,329 INFO: Copied text file: /Users/sap/Dropbox/Projects/HomeBase2025/hb-master/panel/assets/js/src/plugins/nprogress.js -> /Users/sap/Dropbox/Projects/HomeBase2025/hb-master-textonly/panel/assets/js/src/plugins/nprogress.js
2025-07-24 09:22:53,332 INFO: Copied text file: /Users/sap/Dropbox/Projects/HomeBase2025/hb-master/panel/assets/js/src/jquery/jquery.js -> /Users/sap/Dropbox/Projects/HomeBase2025/hb-master-textonly/panel/assets/js/src/jquery/jquery.js
2025-07-24 09:22:53,334 INFO: Copied text file: /Users/sap/Dropbox/Projects/HomeBase2025/hb-master/panel/assets/js/src/jquery/plugins/jquery.filedrop.js -> /Users/sap/Dropbox/Projects/HomeBase2025/hb-master-textonly/panel/assets/js/src/jquery/plugins/jquery.filedrop.js
2025-07-24 09:22:53,335 INFO: Copied text file: /Users/sap/Dropbox/Projects/HomeBase2025/hb-master/panel/assets/js/src/jquery/plugins/jquery.ui.js -> /Users/sap/Dropbox/Projects/HomeBase2025/hb-master-textonly/panel/assets/js/src/jquery/plugins/jquery.ui.js
2025-07-24 09:22:53,335 INFO: Copied text file: /Users/sap/Dropbox/Projects/HomeBase2025/hb-master/panel/assets/js/src/jquery/plugins/jquery.context.js -> /Users/sap/Dropbox/Projects/HomeBase2025/hb-master-textonly/panel/assets/js/src/jquery/plugins/jquery.context.js
2025-07-24 09:22:53,336 INFO: Copied text file: /Users/sap/Dropbox/Projects/HomeBase2025/hb-master/panel/assets/js/src/jquery/plugins/jquery.passwordsuggestion.js -> /Users/sap/Dropbox/Projects/HomeBase2025/hb-master-textonly/panel/assets/js/src/jquery/plugins/jquery.passwordsuggestion.js
2025-07-24 09:22:53,337 INFO: Copied text file: /Users/sap/Dropbox/Projects/HomeBase2025/hb-master/panel/assets/js/src/jquery/plugins/jquery.center.js -> /Users/sap/Dropbox/Projects/HomeBase2025/hb-master-textonly/panel/assets/js/src/jquery/plugins/jquery.center.js
2025-07-24 09:22:53,338 INFO: Copied text file: /Users/sap/Dropbox/Projects/HomeBase2025/hb-master/panel/assets/js/src/jquery/plugins/jquery.token.js -> /Users/sap/Dropbox/Projects/HomeBase2025/hb-master-textonly/panel/assets/js/src/jquery/plugins/jquery.token.js
2025-07-24 09:22:53,339 INFO: Copied text file: /Users/sap/Dropbox/Projects/HomeBase2025/hb-master/panel/assets/js/src/jquery/plugins/jquery.ui.touch.js -> /Users/sap/Dropbox/Projects/HomeBase2025/hb-master-textonly/panel/assets/js/src/jquery/plugins/jquery.ui.touch.js
2025-07-24 09:22:53,340 INFO: Copied text file: /Users/sap/Dropbox/Projects/HomeBase2025/hb-master/panel/assets/js/src/jquery/plugins/jquery.upload.js -> /Users/sap/Dropbox/Projects/HomeBase2025/hb-master-textonly/panel/assets/js/src/jquery/plugins/jquery.upload.js
2025-07-24 09:22:53,341 INFO: Copied text file: /Users/sap/Dropbox/Projects/HomeBase2025/hb-master/panel/assets/js/src/jquery/plugins/jquery.autocomplete.js -> /Users/sap/Dropbox/Projects/HomeBase2025/hb-master-textonly/panel/assets/js/src/jquery/plugins/jquery.autocomplete.js
2025-07-24 09:22:53,342 INFO: Copied text file: /Users/sap/Dropbox/Projects/HomeBase2025/hb-master/panel/assets/js/src/jquery/plugins/jquery.editorHelpers.js -> /Users/sap/Dropbox/Projects/HomeBase2025/hb-master-textonly/panel/assets/js/src/jquery/plugins/jquery.editorHelpers.js
2025-07-24 09:22:53,343 INFO: Copied text file: /Users/sap/Dropbox/Projects/HomeBase2025/hb-master/panel/assets/js/src/jquery/plugins/jquery.tags.js -> /Users/sap/Dropbox/Projects/HomeBase2025/hb-master-textonly/panel/assets/js/src/jquery/plugins/jquery.tags.js
2025-07-24 09:22:53,344 INFO: Copied text file: /Users/sap/Dropbox/Projects/HomeBase2025/hb-master/panel/assets/js/src/jquery/plugins/jquery.dropload.js -> /Users/sap/Dropbox/Projects/HomeBase2025/hb-master-textonly/panel/assets/js/src/jquery/plugins/jquery.dropload.js
2025-07-24 09:22:53,346 INFO: Copied text file: /Users/sap/Dropbox/Projects/HomeBase2025/hb-master/panel/assets/js/src/jquery/plugins/jquery.slug.js -> /Users/sap/Dropbox/Projects/HomeBase2025/hb-master-textonly/panel/assets/js/src/jquery/plugins/jquery.slug.js
2025-07-24 09:22:53,347 INFO: Copied text file: /Users/sap/Dropbox/Projects/HomeBase2025/hb-master/panel/assets/js/src/jquery/plugins/jquery.drop.js -> /Users/sap/Dropbox/Projects/HomeBase2025/hb-master-textonly/panel/assets/js/src/jquery/plugins/jquery.drop.js
2025-07-24 09:22:53,348 INFO: Copied text file: /Users/sap/Dropbox/Projects/HomeBase2025/hb-master/panel/assets/js/src/jquery/plugins/jquery.serializeobject.js -> /Users/sap/Dropbox/Projects/HomeBase2025/hb-master-textonly/panel/assets/js/src/jquery/plugins/jquery.serializeobject.js
2025-07-24 09:22:53,349 INFO: Copied text file: /Users/sap/Dropbox/Projects/HomeBase2025/hb-master/panel/assets/js/src/jquery/plugins/jquery.fakefocus.js -> /Users/sap/Dropbox/Projects/HomeBase2025/hb-master-textonly/panel/assets/js/src/jquery/plugins/jquery.fakefocus.js
2025-07-24 09:22:53,350 INFO: Copied text file: /Users/sap/Dropbox/Projects/HomeBase2025/hb-master/panel/assets/js/src/jquery/plugins/jquery.hotkeys.js -> /Users/sap/Dropbox/Projects/HomeBase2025/hb-master-textonly/panel/assets/js/src/jquery/plugins/jquery.hotkeys.js
2025-07-24 09:22:53,351 INFO: Copied text file: /Users/sap/Dropbox/Projects/HomeBase2025/hb-master/panel/assets/js/src/jquery/plugins/jquery.filereader.js -> /Users/sap/Dropbox/Projects/HomeBase2025/hb-master-textonly/panel/assets/js/src/jquery/plugins/jquery.filereader.js
2025-07-24 09:22:53,352 INFO: Copied text file: /Users/sap/Dropbox/Projects/HomeBase2025/hb-master/panel/assets/js/src/jquery/plugins/jquery.autosize.js -> /Users/sap/Dropbox/Projects/HomeBase2025/hb-master-textonly/panel/assets/js/src/jquery/plugins/jquery.autosize.js
2025-07-24 09:22:53,353 INFO: Copied text file: /Users/sap/Dropbox/Projects/HomeBase2025/hb-master/panel/assets/js/src/components/message.js -> /Users/sap/Dropbox/Projects/HomeBase2025/hb-master-textonly/panel/assets/js/src/components/message.js
2025-07-24 09:22:53,355 INFO: Copied text file: /Users/sap/Dropbox/Projects/HomeBase2025/hb-master/panel/assets/js/src/components/uploader.js -> /Users/sap/Dropbox/Projects/HomeBase2025/hb-master-textonly/panel/assets/js/src/components/uploader.js
2025-07-24 09:22:53,355 INFO: Copied text file: /Users/sap/Dropbox/Projects/HomeBase2025/hb-master/panel/assets/js/src/components/breadcrumb.js -> /Users/sap/Dropbox/Projects/HomeBase2025/hb-master-textonly/panel/assets/js/src/components/breadcrumb.js
2025-07-24 09:22:53,357 INFO: Copied text file: /Users/sap/Dropbox/Projects/HomeBase2025/hb-master/panel/assets/js/src/components/sidebar.js -> /Users/sap/Dropbox/Projects/HomeBase2025/hb-master-textonly/panel/assets/js/src/components/sidebar.js
2025-07-24 09:22:53,358 INFO: Copied text file: /Users/sap/Dropbox/Projects/HomeBase2025/hb-master/panel/assets/js/src/components/shortcuts.js -> /Users/sap/Dropbox/Projects/HomeBase2025/hb-master-textonly/panel/assets/js/src/components/shortcuts.js
2025-07-24 09:22:53,359 INFO: Copied text file: /Users/sap/Dropbox/Projects/HomeBase2025/hb-master/panel/assets/js/src/components/dropdown.js -> /Users/sap/Dropbox/Projects/HomeBase2025/hb-master-textonly/panel/assets/js/src/components/dropdown.js
2025-07-24 09:22:53,360 INFO: Copied text file: /Users/sap/Dropbox/Projects/HomeBase2025/hb-master/panel/assets/js/src/components/focus.js -> /Users/sap/Dropbox/Projects/HomeBase2025/hb-master-textonly/panel/assets/js/src/components/focus.js
2025-07-24 09:22:53,361 INFO: Copied text file: /Users/sap/Dropbox/Projects/HomeBase2025/hb-master/panel/assets/js/src/components/content.js -> /Users/sap/Dropbox/Projects/HomeBase2025/hb-master-textonly/panel/assets/js/src/components/content.js
2025-07-24 09:22:53,363 INFO: Copied text file: /Users/sap/Dropbox/Projects/HomeBase2025/hb-master/panel/assets/js/src/components/form.js -> /Users/sap/Dropbox/Projects/HomeBase2025/hb-master-textonly/panel/assets/js/src/components/form.js
2025-07-24 09:22:53,364 INFO: Copied text file: /Users/sap/Dropbox/Projects/HomeBase2025/hb-master/panel/assets/js/src/components/search.js -> /Users/sap/Dropbox/Projects/HomeBase2025/hb-master-textonly/panel/assets/js/src/components/search.js
2025-07-24 09:22:53,365 INFO: Copied text file: /Users/sap/Dropbox/Projects/HomeBase2025/hb-master/panel/assets/js/src/components/modal.js -> /Users/sap/Dropbox/Projects/HomeBase2025/hb-master-textonly/panel/assets/js/src/components/modal.js
2025-07-24 09:22:53,366 INFO: Copied text file: /Users/sap/Dropbox/Projects/HomeBase2025/hb-master/panel/assets/js/src/components/delay.js -> /Users/sap/Dropbox/Projects/HomeBase2025/hb-master-textonly/panel/assets/js/src/components/delay.js
2025-07-24 09:22:53,367 INFO: Copied text file: /Users/sap/Dropbox/Projects/HomeBase2025/hb-master/panel/assets/scss/panel.scss -> /Users/sap/Dropbox/Projects/HomeBase2025/hb-master-textonly/panel/assets/scss/panel.scss
2025-07-24 09:22:53,369 INFO: Copied text file: /Users/sap/Dropbox/Projects/HomeBase2025/hb-master/panel/assets/scss/fontawesome/_stacked.scss -> /Users/sap/Dropbox/Projects/HomeBase2025/hb-master-textonly/panel/assets/scss/fontawesome/_stacked.scss
2025-07-24 09:22:53,370 INFO: Copied text file: /Users/sap/Dropbox/Projects/HomeBase2025/hb-master/panel/assets/scss/fontawesome/_variables.scss -> /Users/sap/Dropbox/Projects/HomeBase2025/hb-master-textonly/panel/assets/scss/fontawesome/_variables.scss
2025-07-24 09:22:53,371 INFO: Copied text file: /Users/sap/Dropbox/Projects/HomeBase2025/hb-master/panel/assets/scss/fontawesome/_rotated-flipped.scss -> /Users/sap/Dropbox/Projects/HomeBase2025/hb-master-textonly/panel/assets/scss/fontawesome/_rotated-flipped.scss
2025-07-24 09:22:53,372 INFO: Copied text file: /Users/sap/Dropbox/Projects/HomeBase2025/hb-master/panel/assets/scss/fontawesome/_path.scss -> /Users/sap/Dropbox/Projects/HomeBase2025/hb-master-textonly/panel/assets/scss/fontawesome/_path.scss
2025-07-24 09:22:53,373 INFO: Copied text file: /Users/sap/Dropbox/Projects/HomeBase2025/hb-master/panel/assets/scss/fontawesome/_fontawesome.scss -> /Users/sap/Dropbox/Projects/HomeBase2025/hb-master-textonly/panel/assets/scss/fontawesome/_fontawesome.scss
2025-07-24 09:22:53,374 INFO: Copied text file: /Users/sap/Dropbox/Projects/HomeBase2025/hb-master/panel/assets/scss/fontawesome/_list.scss -> /Users/sap/Dropbox/Projects/HomeBase2025/hb-master-textonly/panel/assets/scss/fontawesome/_list.scss
2025-07-24 09:22:53,376 INFO: Copied text file: /Users/sap/Dropbox/Projects/HomeBase2025/hb-master/panel/assets/scss/fontawesome/_screen-reader.scss -> /Users/sap/Dropbox/Projects/HomeBase2025/hb-master-textonly/panel/assets/scss/fontawesome/_screen-reader.scss
2025-07-24 09:22:53,377 INFO: Copied text file: /Users/sap/Dropbox/Projects/HomeBase2025/hb-master/panel/assets/scss/fontawesome/_larger.scss -> /Users/sap/Dropbox/Projects/HomeBase2025/hb-master-textonly/panel/assets/scss/fontawesome/_larger.scss
2025-07-24 09:22:53,379 INFO: Copied text file: /Users/sap/Dropbox/Projects/HomeBase2025/hb-master/panel/assets/scss/fontawesome/_core.scss -> /Users/sap/Dropbox/Projects/HomeBase2025/hb-master-textonly/panel/assets/scss/fontawesome/_core.scss
2025-07-24 09:22:53,381 INFO: Copied text file: /Users/sap/Dropbox/Projects/HomeBase2025/hb-master/panel/assets/scss/fontawesome/_mixins.scss -> /Users/sap/Dropbox/Projects/HomeBase2025/hb-master-textonly/panel/assets/scss/fontawesome/_mixins.scss
2025-07-24 09:22:53,382 INFO: Copied text file: /Users/sap/Dropbox/Projects/HomeBase2025/hb-master/panel/assets/scss/fontawesome/_animated.scss -> /Users/sap/Dropbox/Projects/HomeBase2025/hb-master-textonly/panel/assets/scss/fontawesome/_animated.scss
2025-07-24 09:22:53,383 INFO: Copied text file: /Users/sap/Dropbox/Projects/HomeBase2025/hb-master/panel/assets/scss/fontawesome/_icons.scss -> /Users/sap/Dropbox/Projects/HomeBase2025/hb-master-textonly/panel/assets/scss/fontawesome/_icons.scss
2025-07-24 09:22:53,384 INFO: Copied text file: /Users/sap/Dropbox/Projects/HomeBase2025/hb-master/panel/assets/scss/fontawesome/_fixed-width.scss -> /Users/sap/Dropbox/Projects/HomeBase2025/hb-master-textonly/panel/assets/scss/fontawesome/_fixed-width.scss
2025-07-24 09:22:53,386 INFO: Copied text file: /Users/sap/Dropbox/Projects/HomeBase2025/hb-master/panel/assets/scss/fontawesome/_bordered-pulled.scss -> /Users/sap/Dropbox/Projects/HomeBase2025/hb-master-textonly/panel/assets/scss/fontawesome/_bordered-pulled.scss
2025-07-24 09:22:53,387 INFO: Copied text file: /Users/sap/Dropbox/Projects/HomeBase2025/hb-master/panel/assets/scss/components/_fonts.scss -> /Users/sap/Dropbox/Projects/HomeBase2025/hb-master-textonly/panel/assets/scss/components/_fonts.scss
2025-07-24 09:22:53,388 INFO: Copied text file: /Users/sap/Dropbox/Projects/HomeBase2025/hb-master/panel/assets/scss/components/_dragula.scss -> /Users/sap/Dropbox/Projects/HomeBase2025/hb-master-textonly/panel/assets/scss/components/_dragula.scss
2025-07-24 09:22:53,389 INFO: Copied text file: /Users/sap/Dropbox/Projects/HomeBase2025/hb-master/panel/assets/scss/components/_nprogress.scss -> /Users/sap/Dropbox/Projects/HomeBase2025/hb-master-textonly/panel/assets/scss/components/_nprogress.scss
2025-07-24 09:22:53,390 INFO: Copied text file: /Users/sap/Dropbox/Projects/HomeBase2025/hb-master/panel/assets/scss/components/_typography.scss -> /Users/sap/Dropbox/Projects/HomeBase2025/hb-master-textonly/panel/assets/scss/components/_typography.scss
2025-07-24 09:22:53,391 INFO: Copied text file: /Users/sap/Dropbox/Projects/HomeBase2025/hb-master/panel/assets/scss/components/_dropload.scss -> /Users/sap/Dropbox/Projects/HomeBase2025/hb-master-textonly/panel/assets/scss/components/_dropload.scss
2025-07-24 09:22:53,393 INFO: Copied text file: /Users/sap/Dropbox/Projects/HomeBase2025/hb-master/panel/assets/scss/components/_reset.scss -> /Users/sap/Dropbox/Projects/HomeBase2025/hb-master-textonly/panel/assets/scss/components/_reset.scss
2025-07-24 09:22:53,394 INFO: Copied text file: /Users/sap/Dropbox/Projects/HomeBase2025/hb-master/panel/assets/scss/components/_instruction.scss -> /Users/sap/Dropbox/Projects/HomeBase2025/hb-master-textonly/panel/assets/scss/components/_instruction.scss
2025-07-24 09:22:53,397 INFO: Copied text file: /Users/sap/Dropbox/Projects/HomeBase2025/hb-master/panel/assets/scss/components/_breadcrumb.scss -> /Users/sap/Dropbox/Projects/HomeBase2025/hb-master-textonly/panel/assets/scss/components/_breadcrumb.scss
2025-07-24 09:22:53,398 INFO: Copied text file: /Users/sap/Dropbox/Projects/HomeBase2025/hb-master/panel/assets/scss/components/_avatar.scss -> /Users/sap/Dropbox/Projects/HomeBase2025/hb-master-textonly/panel/assets/scss/components/_avatar.scss
2025-07-24 09:22:53,399 INFO: Copied text file: /Users/sap/Dropbox/Projects/HomeBase2025/hb-master/panel/assets/scss/components/_files.scss -> /Users/sap/Dropbox/Projects/HomeBase2025/hb-master-textonly/panel/assets/scss/components/_files.scss
2025-07-24 09:22:53,400 INFO: Copied text file: /Users/sap/Dropbox/Projects/HomeBase2025/hb-master/panel/assets/scss/components/_dashboard.scss -> /Users/sap/Dropbox/Projects/HomeBase2025/hb-master-textonly/panel/assets/scss/components/_dashboard.scss
2025-07-24 09:22:53,401 INFO: Copied text file: /Users/sap/Dropbox/Projects/HomeBase2025/hb-master/panel/assets/scss/components/_file.scss -> /Users/sap/Dropbox/Projects/HomeBase2025/hb-master-textonly/panel/assets/scss/components/_file.scss
2025-07-24 09:22:53,402 INFO: Copied text file: /Users/sap/Dropbox/Projects/HomeBase2025/hb-master/panel/assets/scss/components/_main.scss -> /Users/sap/Dropbox/Projects/HomeBase2025/hb-master-textonly/panel/assets/scss/components/_main.scss
2025-07-24 09:22:53,403 INFO: Copied text file: /Users/sap/Dropbox/Projects/HomeBase2025/hb-master/panel/assets/scss/components/_message.scss -> /Users/sap/Dropbox/Projects/HomeBase2025/hb-master-textonly/panel/assets/scss/components/_message.scss
2025-07-24 09:22:53,404 INFO: Copied text file: /Users/sap/Dropbox/Projects/HomeBase2025/hb-master/panel/assets/scss/components/_pikaday.scss -> /Users/sap/Dropbox/Projects/HomeBase2025/hb-master-textonly/panel/assets/scss/components/_pikaday.scss
2025-07-24 09:22:53,405 INFO: Copied text file: /Users/sap/Dropbox/Projects/HomeBase2025/hb-master/panel/assets/scss/components/_hgroup.scss -> /Users/sap/Dropbox/Projects/HomeBase2025/hb-master-textonly/panel/assets/scss/components/_hgroup.scss
2025-07-24 09:22:53,405 INFO: Copied text file: /Users/sap/Dropbox/Projects/HomeBase2025/hb-master/panel/assets/scss/components/_misc.scss -> /Users/sap/Dropbox/Projects/HomeBase2025/hb-master-textonly/panel/assets/scss/components/_misc.scss
2025-07-24 09:22:53,406 INFO: Copied text file: /Users/sap/Dropbox/Projects/HomeBase2025/hb-master/panel/assets/scss/components/_btn.scss -> /Users/sap/Dropbox/Projects/HomeBase2025/hb-master-textonly/panel/assets/scss/components/_btn.scss
2025-07-24 09:22:53,407 INFO: Copied text file: /Users/sap/Dropbox/Projects/HomeBase2025/hb-master/panel/assets/scss/components/_body.scss -> /Users/sap/Dropbox/Projects/HomeBase2025/hb-master-textonly/panel/assets/scss/components/_body.scss
2025-07-24 09:22:53,408 INFO: Copied text file: /Users/sap/Dropbox/Projects/HomeBase2025/hb-master/panel/assets/scss/components/_headlines.scss -> /Users/sap/Dropbox/Projects/HomeBase2025/hb-master-textonly/panel/assets/scss/components/_headlines.scss
2025-07-24 09:22:53,409 INFO: Copied text file: /Users/sap/Dropbox/Projects/HomeBase2025/hb-master/panel/assets/scss/components/_items.scss -> /Users/sap/Dropbox/Projects/HomeBase2025/hb-master-textonly/panel/assets/scss/components/_items.scss
2025-07-24 09:22:53,411 INFO: Copied text file: /Users/sap/Dropbox/Projects/HomeBase2025/hb-master/panel/assets/scss/components/_subpages.scss -> /Users/sap/Dropbox/Projects/HomeBase2025/hb-master-textonly/panel/assets/scss/components/_subpages.scss
2025-07-24 09:22:53,413 INFO: Copied text file: /Users/sap/Dropbox/Projects/HomeBase2025/hb-master/panel/assets/scss/components/_pagination.scss -> /Users/sap/Dropbox/Projects/HomeBase2025/hb-master-textonly/panel/assets/scss/components/_pagination.scss
2025-07-24 09:22:53,414 INFO: Copied text file: /Users/sap/Dropbox/Projects/HomeBase2025/hb-master/panel/assets/scss/components/_grid.scss -> /Users/sap/Dropbox/Projects/HomeBase2025/hb-master-textonly/panel/assets/scss/components/_grid.scss
2025-07-24 09:22:53,416 INFO: Copied text file: /Users/sap/Dropbox/Projects/HomeBase2025/hb-master/panel/assets/scss/components/_sidebar.scss -> /Users/sap/Dropbox/Projects/HomeBase2025/hb-master-textonly/panel/assets/scss/components/_sidebar.scss
2025-07-24 09:22:53,417 INFO: Copied text file: /Users/sap/Dropbox/Projects/HomeBase2025/hb-master/panel/assets/scss/components/_icon.scss -> /Users/sap/Dropbox/Projects/HomeBase2025/hb-master-textonly/panel/assets/scss/components/_icon.scss
2025-07-24 09:22:53,418 INFO: Copied text file: /Users/sap/Dropbox/Projects/HomeBase2025/hb-master/panel/assets/scss/components/_debugger.scss -> /Users/sap/Dropbox/Projects/HomeBase2025/hb-master-textonly/panel/assets/scss/components/_debugger.scss
2025-07-24 09:22:53,418 INFO: Copied text file: /Users/sap/Dropbox/Projects/HomeBase2025/hb-master/panel/assets/scss/components/_nav.scss -> /Users/sap/Dropbox/Projects/HomeBase2025/hb-master-textonly/panel/assets/scss/components/_nav.scss
2025-07-24 09:22:53,419 INFO: Copied text file: /Users/sap/Dropbox/Projects/HomeBase2025/hb-master/panel/assets/scss/components/_fileview.scss -> /Users/sap/Dropbox/Projects/HomeBase2025/hb-master-textonly/panel/assets/scss/components/_fileview.scss
2025-07-24 09:22:53,420 INFO: Copied text file: /Users/sap/Dropbox/Projects/HomeBase2025/hb-master/panel/assets/scss/components/_search.scss -> /Users/sap/Dropbox/Projects/HomeBase2025/hb-master-textonly/panel/assets/scss/components/_search.scss
2025-07-24 09:22:53,420 INFO: Copied text file: /Users/sap/Dropbox/Projects/HomeBase2025/hb-master/panel/assets/scss/components/_shiv.scss -> /Users/sap/Dropbox/Projects/HomeBase2025/hb-master-textonly/panel/assets/scss/components/_shiv.scss
2025-07-24 09:22:53,421 INFO: Copied text file: /Users/sap/Dropbox/Projects/HomeBase2025/hb-master/panel/assets/scss/components/_autocomplete.scss -> /Users/sap/Dropbox/Projects/HomeBase2025/hb-master-textonly/panel/assets/scss/components/_autocomplete.scss
2025-07-24 09:22:53,422 INFO: Copied text file: /Users/sap/Dropbox/Projects/HomeBase2025/hb-master/panel/assets/scss/components/_languages.scss -> /Users/sap/Dropbox/Projects/HomeBase2025/hb-master-textonly/panel/assets/scss/components/_languages.scss
2025-07-24 09:22:53,423 INFO: Copied text file: /Users/sap/Dropbox/Projects/HomeBase2025/hb-master/panel/assets/scss/components/_form.scss -> /Users/sap/Dropbox/Projects/HomeBase2025/hb-master-textonly/panel/assets/scss/components/_form.scss
2025-07-24 09:22:53,423 INFO: Copied text file: /Users/sap/Dropbox/Projects/HomeBase2025/hb-master/panel/assets/scss/components/_text.scss -> /Users/sap/Dropbox/Projects/HomeBase2025/hb-master-textonly/panel/assets/scss/components/_text.scss
2025-07-24 09:22:53,424 INFO: Copied text file: /Users/sap/Dropbox/Projects/HomeBase2025/hb-master/panel/assets/scss/components/_topbar.scss -> /Users/sap/Dropbox/Projects/HomeBase2025/hb-master-textonly/panel/assets/scss/components/_topbar.scss
2025-07-24 09:22:53,425 INFO: Copied text file: /Users/sap/Dropbox/Projects/HomeBase2025/hb-master/panel/assets/scss/components/_modal.scss -> /Users/sap/Dropbox/Projects/HomeBase2025/hb-master-textonly/panel/assets/scss/components/_modal.scss
2025-07-24 09:22:53,426 INFO: Copied text file: /Users/sap/Dropbox/Projects/HomeBase2025/hb-master/panel/assets/scss/components/_counter.scss -> /Users/sap/Dropbox/Projects/HomeBase2025/hb-master-textonly/panel/assets/scss/components/_counter.scss
2025-07-24 09:22:53,427 INFO: Copied text file: /Users/sap/Dropbox/Projects/HomeBase2025/hb-master/panel/assets/scss/components/_tags.scss -> /Users/sap/Dropbox/Projects/HomeBase2025/hb-master-textonly/panel/assets/scss/components/_tags.scss
2025-07-24 09:22:53,428 INFO: Copied text file: /Users/sap/Dropbox/Projects/HomeBase2025/hb-master/panel/assets/scss/components/_dropdown.scss -> /Users/sap/Dropbox/Projects/HomeBase2025/hb-master-textonly/panel/assets/scss/components/_dropdown.scss
2025-07-24 09:22:53,430 INFO: Copied text file: /Users/sap/Dropbox/Projects/HomeBase2025/hb-master/panel/assets/scss/components/_dropzone.scss -> /Users/sap/Dropbox/Projects/HomeBase2025/hb-master-textonly/panel/assets/scss/components/_dropzone.scss
2025-07-24 09:22:53,431 INFO: Copied text file: /Users/sap/Dropbox/Projects/HomeBase2025/hb-master/panel/assets/scss/components/_fileselector.scss -> /Users/sap/Dropbox/Projects/HomeBase2025/hb-master-textonly/panel/assets/scss/components/_fileselector.scss
2025-07-24 09:22:53,432 INFO: Creating placeholder for media: /Users/sap/Dropbox/Projects/HomeBase2025/hb-master/panel/assets/fonts/sourcesanspro-400.woff2 -> /Users/sap/Dropbox/Projects/HomeBase2025/hb-master-textonly/panel/assets/fonts/sourcesanspro-400.woff2.placeholder
2025-07-24 09:22:53,432 INFO: Creating placeholder for media: /Users/sap/Dropbox/Projects/HomeBase2025/hb-master/panel/assets/fonts/sourcesanspro-400-italic.woff2 -> /Users/sap/Dropbox/Projects/HomeBase2025/hb-master-textonly/panel/assets/fonts/sourcesanspro-400-italic.woff2.placeholder
2025-07-24 09:22:53,433 INFO: Creating placeholder for media: /Users/sap/Dropbox/Projects/HomeBase2025/hb-master/panel/assets/fonts/sourcesanspro-600.woff2 -> /Users/sap/Dropbox/Projects/HomeBase2025/hb-master-textonly/panel/assets/fonts/sourcesanspro-600.woff2.placeholder
2025-07-24 09:22:53,434 INFO: Creating placeholder for media: /Users/sap/Dropbox/Projects/HomeBase2025/hb-master/panel/assets/fonts/fontawesome-webfont.woff2 -> /Users/sap/Dropbox/Projects/HomeBase2025/hb-master-textonly/panel/assets/fonts/fontawesome-webfont.woff2.placeholder
2025-07-24 09:22:53,435 INFO: Creating placeholder for media: /Users/sap/Dropbox/Projects/HomeBase2025/hb-master/panel/assets/fonts/sourcesanspro-400.woff -> /Users/sap/Dropbox/Projects/HomeBase2025/hb-master-textonly/panel/assets/fonts/sourcesanspro-400.woff.placeholder
2025-07-24 09:22:53,436 INFO: Creating placeholder for media: /Users/sap/Dropbox/Projects/HomeBase2025/hb-master/panel/assets/fonts/sourcesanspro-600.woff -> /Users/sap/Dropbox/Projects/HomeBase2025/hb-master-textonly/panel/assets/fonts/sourcesanspro-600.woff.placeholder
2025-07-24 09:22:53,436 INFO: Creating placeholder for media: /Users/sap/Dropbox/Projects/HomeBase2025/hb-master/panel/assets/fonts/fontawesome-webfont.woff -> /Users/sap/Dropbox/Projects/HomeBase2025/hb-master-textonly/panel/assets/fonts/fontawesome-webfont.woff.placeholder
2025-07-24 09:22:53,437 INFO: Creating placeholder for media: /Users/sap/Dropbox/Projects/HomeBase2025/hb-master/panel/assets/fonts/sourcesanspro-400-italic.woff -> /Users/sap/Dropbox/Projects/HomeBase2025/hb-master-textonly/panel/assets/fonts/sourcesanspro-400-italic.woff.placeholder
2025-07-24 09:22:53,438 INFO: Creating placeholder for media: /Users/sap/Dropbox/Projects/HomeBase2025/hb-master/content/favicon.ico -> /Users/sap/Dropbox/Projects/HomeBase2025/hb-master-textonly/content/favicon.ico.placeholder
2025-07-24 09:22:53,439 INFO: Copied small/unknown file: /Users/sap/Dropbox/Projects/HomeBase2025/hb-master/content/.DS_Store -> /Users/sap/Dropbox/Projects/HomeBase2025/hb-master-textonly/content/.DS_Store
2025-07-24 09:22:53,440 INFO: Copied text file: /Users/sap/Dropbox/Projects/HomeBase2025/hb-master/content/site.txt -> /Users/sap/Dropbox/Projects/HomeBase2025/hb-master-textonly/content/site.txt
2025-07-24 09:22:53,440 INFO: Creating placeholder for media: /Users/sap/Dropbox/Projects/HomeBase2025/hb-master/content/cover.png -> /Users/sap/Dropbox/Projects/HomeBase2025/hb-master-textonly/content/cover.png.placeholder
2025-07-24 09:22:53,443 INFO: Copied small/unknown file: /Users/sap/Dropbox/Projects/HomeBase2025/hb-master/content/home/homebase-works.ogg -> /Users/sap/Dropbox/Projects/HomeBase2025/hb-master-textonly/content/home/homebase-works.ogg
2025-07-24 09:22:53,445 INFO: Copied text file: /Users/sap/Dropbox/Projects/HomeBase2025/hb-master/content/home/home.txt -> /Users/sap/Dropbox/Projects/HomeBase2025/hb-master-textonly/content/home/home.txt
2025-07-24 09:22:53,447 INFO: Copied text file: /Users/sap/Dropbox/Projects/HomeBase2025/hb-master/content/home/homebase-eventbase-15.jpg.txt -> /Users/sap/Dropbox/Projects/HomeBase2025/hb-master-textonly/content/home/homebase-eventbase-15.jpg.txt
2025-07-24 09:22:53,448 INFO: Copied text file: /Users/sap/Dropbox/Projects/HomeBase2025/hb-master/content/home/hb-prattst-400-00004.jpg.txt -> /Users/sap/Dropbox/Projects/HomeBase2025/hb-master-textonly/content/home/hb-prattst-400-00004.jpg.txt
2025-07-24 09:22:53,448 INFO: Creating placeholder for large/unknown: /Users/sap/Dropbox/Projects/HomeBase2025/hb-master/content/home/homebase-works.webm -> /Users/sap/Dropbox/Projects/HomeBase2025/hb-master-textonly/content/home/homebase-works.webm.placeholder
2025-07-24 09:22:53,449 INFO: Creating placeholder for media: /Users/sap/Dropbox/Projects/HomeBase2025/hb-master/content/home/homebase-eventbase-3.jpg -> /Users/sap/Dropbox/Projects/HomeBase2025/hb-master-textonly/content/home/homebase-eventbase-3.jpg.placeholder
2025-07-24 09:22:53,449 INFO: Creating placeholder for media: /Users/sap/Dropbox/Projects/HomeBase2025/hb-master/content/home/homebase-eventbase-15.jpg -> /Users/sap/Dropbox/Projects/HomeBase2025/hb-master-textonly/content/home/homebase-eventbase-15.jpg.placeholder
2025-07-24 09:22:53,450 INFO: Creating placeholder for media: /Users/sap/Dropbox/Projects/HomeBase2025/hb-master/content/home/homebase-works.mp4 -> /Users/sap/Dropbox/Projects/HomeBase2025/hb-master-textonly/content/home/homebase-works.mp4.placeholder
2025-07-24 09:22:53,451 INFO: Copied text file: /Users/sap/Dropbox/Projects/HomeBase2025/hb-master/content/home/hb-prattst-400-00002.jpg.txt -> /Users/sap/Dropbox/Projects/HomeBase2025/hb-master-textonly/content/home/hb-prattst-400-00002.jpg.txt
2025-07-24 09:22:53,452 INFO: Copied text file: /Users/sap/Dropbox/Projects/HomeBase2025/hb-master/content/home/quotes.js -> /Users/sap/Dropbox/Projects/HomeBase2025/hb-master-textonly/content/home/quotes.js
2025-07-24 09:22:53,453 INFO: Copied text file: /Users/sap/Dropbox/Projects/HomeBase2025/hb-master/content/home/hb-prattst-400-00003.jpg.txt -> /Users/sap/Dropbox/Projects/HomeBase2025/hb-master-textonly/content/home/hb-prattst-400-00003.jpg.txt
2025-07-24 09:22:53,454 INFO: Copied text file: /Users/sap/Dropbox/Projects/HomeBase2025/hb-master/content/home/homebase-eventbase-3.jpg.txt -> /Users/sap/Dropbox/Projects/HomeBase2025/hb-master-textonly/content/home/homebase-eventbase-3.jpg.txt
2025-07-24 09:22:53,454 INFO: Creating placeholder for media: /Users/sap/Dropbox/Projects/HomeBase2025/hb-master/content/home/homebase-eventbase-8.jpg -> /Users/sap/Dropbox/Projects/HomeBase2025/hb-master-textonly/content/home/homebase-eventbase-8.jpg.placeholder
2025-07-24 09:22:53,455 INFO: Creating placeholder for media: /Users/sap/Dropbox/Projects/HomeBase2025/hb-master/content/home/hb-prattst-400-00001.jpg -> /Users/sap/Dropbox/Projects/HomeBase2025/hb-master-textonly/content/home/hb-prattst-400-00001.jpg.placeholder
2025-07-24 09:22:53,456 INFO: Copied text file: /Users/sap/Dropbox/Projects/HomeBase2025/hb-master/content/home/hb-prattst-400-00001.jpg.txt -> /Users/sap/Dropbox/Projects/HomeBase2025/hb-master-textonly/content/home/hb-prattst-400-00001.jpg.txt
2025-07-24 09:22:53,456 INFO: Creating placeholder for media: /Users/sap/Dropbox/Projects/HomeBase2025/hb-master/content/home/hb-prattst-400-00002.jpg -> /Users/sap/Dropbox/Projects/HomeBase2025/hb-master-textonly/content/home/hb-prattst-400-00002.jpg.placeholder
2025-07-24 09:22:53,458 INFO: Copied text file: /Users/sap/Dropbox/Projects/HomeBase2025/hb-master/content/home/homebase-eventbase-8.jpg.txt -> /Users/sap/Dropbox/Projects/HomeBase2025/hb-master-textonly/content/home/homebase-eventbase-8.jpg.txt
2025-07-24 09:22:53,458 INFO: Creating placeholder for media: /Users/sap/Dropbox/Projects/HomeBase2025/hb-master/content/home/hb-prattst-400-00003.jpg -> /Users/sap/Dropbox/Projects/HomeBase2025/hb-master-textonly/content/home/hb-prattst-400-00003.jpg.placeholder
2025-07-24 09:22:53,458 INFO: Creating placeholder for media: /Users/sap/Dropbox/Projects/HomeBase2025/hb-master/content/home/hb-prattst-400-00004.jpg -> /Users/sap/Dropbox/Projects/HomeBase2025/hb-master-textonly/content/home/hb-prattst-400-00004.jpg.placeholder
2025-07-24 09:22:53,460 INFO: Copied text file: /Users/sap/Dropbox/Projects/HomeBase2025/hb-master/content/terms-of-use/default.txt -> /Users/sap/Dropbox/Projects/HomeBase2025/hb-master-textonly/content/terms-of-use/default.txt
2025-07-24 09:22:53,461 INFO: Creating placeholder for media: /Users/sap/Dropbox/Projects/HomeBase2025/hb-master/content/contact/contact.svg -> /Users/sap/Dropbox/Projects/HomeBase2025/hb-master-textonly/content/contact/contact.svg.placeholder
2025-07-24 09:22:53,463 INFO: Creating placeholder for media: /Users/sap/Dropbox/Projects/HomeBase2025/hb-master/content/contact/github.svg -> /Users/sap/Dropbox/Projects/HomeBase2025/hb-master-textonly/content/contact/github.svg.placeholder
2025-07-24 09:22:53,466 INFO: Copied text file: /Users/sap/Dropbox/Projects/HomeBase2025/hb-master/content/contact/contact.txt -> /Users/sap/Dropbox/Projects/HomeBase2025/hb-master-textonly/content/contact/contact.txt
2025-07-24 09:22:53,466 INFO: Creating placeholder for media: /Users/sap/Dropbox/Projects/HomeBase2025/hb-master/content/contact/forum.svg -> /Users/sap/Dropbox/Projects/HomeBase2025/hb-master-textonly/content/contact/forum.svg.placeholder
2025-07-24 09:22:53,467 INFO: Creating placeholder for media: /Users/sap/Dropbox/Projects/HomeBase2025/hb-master/content/contact/docs.svg -> /Users/sap/Dropbox/Projects/HomeBase2025/hb-master-textonly/content/contact/docs.svg.placeholder
2025-07-24 09:22:53,469 INFO: Copied text file: /Users/sap/Dropbox/Projects/HomeBase2025/hb-master/content/privacy-policy/default.txt -> /Users/sap/Dropbox/Projects/HomeBase2025/hb-master-textonly/content/privacy-policy/default.txt
2025-07-24 09:22:53,470 INFO: Copied text file: /Users/sap/Dropbox/Projects/HomeBase2025/hb-master/content/press/press.txt -> /Users/sap/Dropbox/Projects/HomeBase2025/hb-master-textonly/content/press/press.txt
2025-07-24 09:22:53,472 INFO: Copied text file: /Users/sap/Dropbox/Projects/HomeBase2025/hb-master/content/press/20181008-heres-a-look-at-the-details-behind-homebase-downtown-baltimore-s-new-coworking-space/post.txt -> /Users/sap/Dropbox/Projects/HomeBase2025/hb-master-textonly/content/press/20181008-heres-a-look-at-the-details-behind-homebase-downtown-baltimore-s-new-coworking-space/post.txt
2025-07-24 09:22:53,473 INFO: Copied text file: /Users/sap/Dropbox/Projects/HomeBase2025/hb-master/content/press/20181011-the-takeaway-homebase-finds-ways-to-stand-out-in-crowded-coworking-market/post.txt -> /Users/sap/Dropbox/Projects/HomeBase2025/hb-master-textonly/content/press/20181011-the-takeaway-homebase-finds-ways-to-stand-out-in-crowded-coworking-market/post.txt
2025-07-24 09:22:53,474 INFO: Copied text file: /Users/sap/Dropbox/Projects/HomeBase2025/hb-master/content/press/20181002-valstone-partners-opening-coworking-offices-in-clipper-mill-downtown/post.txt -> /Users/sap/Dropbox/Projects/HomeBase2025/hb-master-textonly/content/press/20181002-valstone-partners-opening-coworking-offices-in-clipper-mill-downtown/post.txt
2025-07-24 09:22:53,475 INFO: Copied text file: /Users/sap/Dropbox/Projects/HomeBase2025/hb-master/content/sitemap/sitemap.txt -> /Users/sap/Dropbox/Projects/HomeBase2025/hb-master-textonly/content/sitemap/sitemap.txt
2025-07-24 09:22:53,476 INFO: Copied text file: /Users/sap/Dropbox/Projects/HomeBase2025/hb-master/content/2-blog/default.en.txt -> /Users/sap/Dropbox/Projects/HomeBase2025/hb-master-textonly/content/2-blog/default.en.txt
2025-07-24 09:22:53,477 INFO: Copied text file: /Users/sap/Dropbox/Projects/HomeBase2025/hb-master/content/2-blog/blog.txt -> /Users/sap/Dropbox/Projects/HomeBase2025/hb-master-textonly/content/2-blog/blog.txt
2025-07-24 09:22:53,478 INFO: Creating placeholder for media: /Users/sap/Dropbox/Projects/HomeBase2025/hb-master/content/2-blog/20170612-take-a-tour-through-homebase-coworking-in-baltimore/homebaseworks-00081.jpg -> /Users/sap/Dropbox/Projects/HomeBase2025/hb-master-textonly/content/2-blog/20170612-take-a-tour-through-homebase-coworking-in-baltimore/homebaseworks-00081.jpg.placeholder
2025-07-24 09:22:53,479 INFO: Creating placeholder for media: /Users/sap/Dropbox/Projects/HomeBase2025/hb-master/content/2-blog/20170612-take-a-tour-through-homebase-coworking-in-baltimore/homebaseworks-00078.jpg -> /Users/sap/Dropbox/Projects/HomeBase2025/hb-master-textonly/content/2-blog/20170612-take-a-tour-through-homebase-coworking-in-baltimore/homebaseworks-00078.jpg.placeholder
2025-07-24 09:22:53,482 INFO: Copied text file: /Users/sap/Dropbox/Projects/HomeBase2025/hb-master/content/2-blog/20170612-take-a-tour-through-homebase-coworking-in-baltimore/article.txt -> /Users/sap/Dropbox/Projects/HomeBase2025/hb-master-textonly/content/2-blog/20170612-take-a-tour-through-homebase-coworking-in-baltimore/article.txt
2025-07-24 09:22:53,483 INFO: Creating placeholder for media: /Users/sap/Dropbox/Projects/HomeBase2025/hb-master/content/2-blog/20171008-east-coast-cities-and-the-rise-of-coworking-spaces/homebaseworks-00018.jpg -> /Users/sap/Dropbox/Projects/HomeBase2025/hb-master-textonly/content/2-blog/20171008-east-coast-cities-and-the-rise-of-coworking-spaces/homebaseworks-00018.jpg.placeholder
2025-07-24 09:22:53,485 INFO: Copied text file: /Users/sap/Dropbox/Projects/HomeBase2025/hb-master/content/2-blog/20171008-east-coast-cities-and-the-rise-of-coworking-spaces/article.txt -> /Users/sap/Dropbox/Projects/HomeBase2025/hb-master-textonly/content/2-blog/20171008-east-coast-cities-and-the-rise-of-coworking-spaces/article.txt
2025-07-24 09:22:53,485 INFO: Creating placeholder for media: /Users/sap/Dropbox/Projects/HomeBase2025/hb-master/content/2-blog/20171008-east-coast-cities-and-the-rise-of-coworking-spaces/homebaseworks-00011.jpg -> /Users/sap/Dropbox/Projects/HomeBase2025/hb-master-textonly/content/2-blog/20171008-east-coast-cities-and-the-rise-of-coworking-spaces/homebaseworks-00011.jpg.placeholder
2025-07-24 09:22:53,486 INFO: Creating placeholder for media: /Users/sap/Dropbox/Projects/HomeBase2025/hb-master/content/2-blog/discovering-food-options-around-downtown-baltimore/hb-bkgd-primary.png -> /Users/sap/Dropbox/Projects/HomeBase2025/hb-master-textonly/content/2-blog/discovering-food-options-around-downtown-baltimore/hb-bkgd-primary.png.placeholder
2025-07-24 09:22:53,488 INFO: Copied text file: /Users/sap/Dropbox/Projects/HomeBase2025/hb-master/content/2-blog/discovering-food-options-around-downtown-baltimore/article.txt -> /Users/sap/Dropbox/Projects/HomeBase2025/hb-master-textonly/content/2-blog/discovering-food-options-around-downtown-baltimore/article.txt
2025-07-24 09:22:53,489 INFO: Creating placeholder for media: /Users/sap/Dropbox/Projects/HomeBase2025/hb-master/content/2-blog/20180127-what-to-look-for-when-choosing-a-coworking-space/homebaseworks-00062.jpg -> /Users/sap/Dropbox/Projects/HomeBase2025/hb-master-textonly/content/2-blog/20180127-what-to-look-for-when-choosing-a-coworking-space/homebaseworks-00062.jpg.placeholder
2025-07-24 09:22:53,490 INFO: Copied text file: /Users/sap/Dropbox/Projects/HomeBase2025/hb-master/content/2-blog/20180127-what-to-look-for-when-choosing-a-coworking-space/article.txt -> /Users/sap/Dropbox/Projects/HomeBase2025/hb-master-textonly/content/2-blog/20180127-what-to-look-for-when-choosing-a-coworking-space/article.txt
2025-07-24 09:22:53,491 INFO: Creating placeholder for media: /Users/sap/Dropbox/Projects/HomeBase2025/hb-master/content/2-blog/20171102-baltimore-entrepreneurs-adopt-coworking-lifestyle/homebaseworks-00094.jpg -> /Users/sap/Dropbox/Projects/HomeBase2025/hb-master-textonly/content/2-blog/20171102-baltimore-entrepreneurs-adopt-coworking-lifestyle/homebaseworks-00094.jpg.placeholder
2025-07-24 09:22:53,492 INFO: Copied text file: /Users/sap/Dropbox/Projects/HomeBase2025/hb-master/content/2-blog/20171102-baltimore-entrepreneurs-adopt-coworking-lifestyle/article.txt -> /Users/sap/Dropbox/Projects/HomeBase2025/hb-master-textonly/content/2-blog/20171102-baltimore-entrepreneurs-adopt-coworking-lifestyle/article.txt
2025-07-24 09:22:53,493 INFO: Copied text file: /Users/sap/Dropbox/Projects/HomeBase2025/hb-master/content/3-events/events.txt -> /Users/sap/Dropbox/Projects/HomeBase2025/hb-master-textonly/content/3-events/events.txt
2025-07-24 09:22:53,495 INFO: Copied text file: /Users/sap/Dropbox/Projects/HomeBase2025/hb-master/content/3-events/scripts.js -> /Users/sap/Dropbox/Projects/HomeBase2025/hb-master-textonly/content/3-events/scripts.js
2025-07-24 09:22:53,496 INFO: Copied text file: /Users/sap/Dropbox/Projects/HomeBase2025/hb-master/content/1-locations/locations.txt -> /Users/sap/Dropbox/Projects/HomeBase2025/hb-master-textonly/content/1-locations/locations.txt
2025-07-24 09:22:53,498 INFO: Copied small/unknown file: /Users/sap/Dropbox/Projects/HomeBase2025/hb-master/content/1-locations/.DS_Store -> /Users/sap/Dropbox/Projects/HomeBase2025/hb-master-textonly/content/1-locations/.DS_Store
2025-07-24 09:22:53,499 INFO: Creating placeholder for media: /Users/sap/Dropbox/Projects/HomeBase2025/hb-master/content/1-locations/2-clipper-mill/clippermill-location.jpg -> /Users/sap/Dropbox/Projects/HomeBase2025/hb-master-textonly/content/1-locations/2-clipper-mill/clippermill-location.jpg.placeholder
2025-07-24 09:22:53,501 INFO: Copied small/unknown file: /Users/sap/Dropbox/Projects/HomeBase2025/hb-master/content/1-locations/2-clipper-mill/.DS_Store -> /Users/sap/Dropbox/Projects/HomeBase2025/hb-master-textonly/content/1-locations/2-clipper-mill/.DS_Store
2025-07-24 09:22:53,503 INFO: Copied text file: /Users/sap/Dropbox/Projects/HomeBase2025/hb-master/content/1-locations/2-clipper-mill/homebaseworks-clippermill-00015.jpg.txt -> /Users/sap/Dropbox/Projects/HomeBase2025/hb-master-textonly/content/1-locations/2-clipper-mill/homebaseworks-clippermill-00015.jpg.txt
2025-07-24 09:22:53,505 INFO: Copied text file: /Users/sap/Dropbox/Projects/HomeBase2025/hb-master/content/1-locations/2-clipper-mill/homebaseworks-clippermill-00011.jpg.txt -> /Users/sap/Dropbox/Projects/HomeBase2025/hb-master-textonly/content/1-locations/2-clipper-mill/homebaseworks-clippermill-00011.jpg.txt
2025-07-24 09:22:53,506 INFO: Copied text file: /Users/sap/Dropbox/Projects/HomeBase2025/hb-master/content/1-locations/2-clipper-mill/homebaseworks-clippermill-00002.jpg.txt -> /Users/sap/Dropbox/Projects/HomeBase2025/hb-master-textonly/content/1-locations/2-clipper-mill/homebaseworks-clippermill-00002.jpg.txt
2025-07-24 09:22:53,506 INFO: Creating placeholder for media: /Users/sap/Dropbox/Projects/HomeBase2025/hb-master/content/1-locations/2-clipper-mill/homebaseworks-clippermill-00015.jpg -> /Users/sap/Dropbox/Projects/HomeBase2025/hb-master-textonly/content/1-locations/2-clipper-mill/homebaseworks-clippermill-00015.jpg.placeholder
2025-07-24 09:22:53,507 INFO: Creating placeholder for media: /Users/sap/Dropbox/Projects/HomeBase2025/hb-master/content/1-locations/2-clipper-mill/homebaseworks-clippermill-00002.jpg -> /Users/sap/Dropbox/Projects/HomeBase2025/hb-master-textonly/content/1-locations/2-clipper-mill/homebaseworks-clippermill-00002.jpg.placeholder
2025-07-24 09:22:53,507 INFO: Creating placeholder for media: /Users/sap/Dropbox/Projects/HomeBase2025/hb-master/content/1-locations/2-clipper-mill/homebaseworks-clippermill-00011.jpg -> /Users/sap/Dropbox/Projects/HomeBase2025/hb-master-textonly/content/1-locations/2-clipper-mill/homebaseworks-clippermill-00011.jpg.placeholder
2025-07-24 09:22:53,510 INFO: Copied text file: /Users/sap/Dropbox/Projects/HomeBase2025/hb-master/content/1-locations/2-clipper-mill/location.txt -> /Users/sap/Dropbox/Projects/HomeBase2025/hb-master-textonly/content/1-locations/2-clipper-mill/location.txt
2025-07-24 09:22:53,512 INFO: Copied text file: /Users/sap/Dropbox/Projects/HomeBase2025/hb-master/content/1-locations/2-clipper-mill/plans/hb-prattst-floorplan.png.txt -> /Users/sap/Dropbox/Projects/HomeBase2025/hb-master-textonly/content/1-locations/2-clipper-mill/plans/hb-prattst-floorplan.png.txt
2025-07-24 09:22:53,512 INFO: Creating placeholder for media: /Users/sap/Dropbox/Projects/HomeBase2025/hb-master/content/1-locations/2-clipper-mill/plans/hb-prattst-floorplan.png -> /Users/sap/Dropbox/Projects/HomeBase2025/hb-master-textonly/content/1-locations/2-clipper-mill/plans/hb-prattst-floorplan.png.placeholder
2025-07-24 09:22:53,513 INFO: Copied text file: /Users/sap/Dropbox/Projects/HomeBase2025/hb-master/content/1-locations/2-clipper-mill/plans/base.txt -> /Users/sap/Dropbox/Projects/HomeBase2025/hb-master-textonly/content/1-locations/2-clipper-mill/plans/base.txt
2025-07-24 09:22:53,514 INFO: Creating placeholder for media: /Users/sap/Dropbox/Projects/HomeBase2025/hb-master/content/1-locations/2-clipper-mill/1-postbase/openingsoon@2x.png -> /Users/sap/Dropbox/Projects/HomeBase2025/hb-master-textonly/content/1-locations/2-clipper-mill/1-postbase/openingsoon@2x.png.placeholder
2025-07-24 09:22:53,516 INFO: Copied text file: /Users/sap/Dropbox/Projects/HomeBase2025/hb-master/content/1-locations/2-clipper-mill/1-postbase/base.txt -> /Users/sap/Dropbox/Projects/HomeBase2025/hb-master-textonly/content/1-locations/2-clipper-mill/1-postbase/base.txt
2025-07-24 09:22:53,516 INFO: Creating placeholder for media: /Users/sap/Dropbox/Projects/HomeBase2025/hb-master/content/1-locations/2-clipper-mill/2-meetbase/openingsoon@2x.png -> /Users/sap/Dropbox/Projects/HomeBase2025/hb-master-textonly/content/1-locations/2-clipper-mill/2-meetbase/openingsoon@2x.png.placeholder
2025-07-24 09:22:53,518 INFO: Copied text file: /Users/sap/Dropbox/Projects/HomeBase2025/hb-master/content/1-locations/2-clipper-mill/2-meetbase/base.txt -> /Users/sap/Dropbox/Projects/HomeBase2025/hb-master-textonly/content/1-locations/2-clipper-mill/2-meetbase/base.txt
2025-07-24 09:22:53,519 INFO: Creating placeholder for media: /Users/sap/Dropbox/Projects/HomeBase2025/hb-master/content/1-locations/2-clipper-mill/6-doublebase/openingsoon@2x.png -> /Users/sap/Dropbox/Projects/HomeBase2025/hb-master-textonly/content/1-locations/2-clipper-mill/6-doublebase/openingsoon@2x.png.placeholder
2025-07-24 09:22:53,520 INFO: Copied text file: /Users/sap/Dropbox/Projects/HomeBase2025/hb-master/content/1-locations/2-clipper-mill/6-doublebase/base.txt -> /Users/sap/Dropbox/Projects/HomeBase2025/hb-master-textonly/content/1-locations/2-clipper-mill/6-doublebase/base.txt
2025-07-24 09:22:53,520 INFO: Creating placeholder for media: /Users/sap/Dropbox/Projects/HomeBase2025/hb-master/content/1-locations/2-clipper-mill/5-singlebase/openingsoon@2x.png -> /Users/sap/Dropbox/Projects/HomeBase2025/hb-master-textonly/content/1-locations/2-clipper-mill/5-singlebase/openingsoon@2x.png.placeholder
2025-07-24 09:22:53,521 INFO: Copied text file: /Users/sap/Dropbox/Projects/HomeBase2025/hb-master/content/1-locations/2-clipper-mill/5-singlebase/base.txt -> /Users/sap/Dropbox/Projects/HomeBase2025/hb-master-textonly/content/1-locations/2-clipper-mill/5-singlebase/base.txt
2025-07-24 09:22:53,522 INFO: Creating placeholder for media: /Users/sap/Dropbox/Projects/HomeBase2025/hb-master/content/1-locations/2-clipper-mill/4-workbase/openingsoon@2x.png -> /Users/sap/Dropbox/Projects/HomeBase2025/hb-master-textonly/content/1-locations/2-clipper-mill/4-workbase/openingsoon@2x.png.placeholder
2025-07-24 09:22:53,523 INFO: Copied text file: /Users/sap/Dropbox/Projects/HomeBase2025/hb-master/content/1-locations/2-clipper-mill/4-workbase/base.txt -> /Users/sap/Dropbox/Projects/HomeBase2025/hb-master-textonly/content/1-locations/2-clipper-mill/4-workbase/base.txt
2025-07-24 09:22:53,524 INFO: Creating placeholder for media: /Users/sap/Dropbox/Projects/HomeBase2025/hb-master/content/1-locations/2-clipper-mill/7-triplebase/openingsoon@2x.png -> /Users/sap/Dropbox/Projects/HomeBase2025/hb-master-textonly/content/1-locations/2-clipper-mill/7-triplebase/openingsoon@2x.png.placeholder
2025-07-24 09:22:53,527 INFO: Copied text file: /Users/sap/Dropbox/Projects/HomeBase2025/hb-master/content/1-locations/2-clipper-mill/7-triplebase/base.txt -> /Users/sap/Dropbox/Projects/HomeBase2025/hb-master-textonly/content/1-locations/2-clipper-mill/7-triplebase/base.txt
2025-07-24 09:22:53,528 INFO: Creating placeholder for media: /Users/sap/Dropbox/Projects/HomeBase2025/hb-master/content/1-locations/2-clipper-mill/3-flexbase/openingsoon@2x.png -> /Users/sap/Dropbox/Projects/HomeBase2025/hb-master-textonly/content/1-locations/2-clipper-mill/3-flexbase/openingsoon@2x.png.placeholder
2025-07-24 09:22:53,529 INFO: Copied text file: /Users/sap/Dropbox/Projects/HomeBase2025/hb-master/content/1-locations/2-clipper-mill/3-flexbase/base.txt -> /Users/sap/Dropbox/Projects/HomeBase2025/hb-master-textonly/content/1-locations/2-clipper-mill/3-flexbase/base.txt
2025-07-24 09:22:53,530 INFO: Copied text file: /Users/sap/Dropbox/Projects/HomeBase2025/hb-master/content/1-locations/1-pratt-st/hb-prattst-400-00004.jpg.txt -> /Users/sap/Dropbox/Projects/HomeBase2025/hb-master-textonly/content/1-locations/1-pratt-st/hb-prattst-400-00004.jpg.txt
2025-07-24 09:22:53,532 INFO: Copied text file: /Users/sap/Dropbox/Projects/HomeBase2025/hb-master/content/1-locations/1-pratt-st/hb-prattst-400-00002.jpg.txt -> /Users/sap/Dropbox/Projects/HomeBase2025/hb-master-textonly/content/1-locations/1-pratt-st/hb-prattst-400-00002.jpg.txt
2025-07-24 09:22:53,532 INFO: Copied text file: /Users/sap/Dropbox/Projects/HomeBase2025/hb-master/content/1-locations/1-pratt-st/hb-prattst-400-00003.jpg.txt -> /Users/sap/Dropbox/Projects/HomeBase2025/hb-master-textonly/content/1-locations/1-pratt-st/hb-prattst-400-00003.jpg.txt
2025-07-24 09:22:53,532 INFO: Creating placeholder for media: /Users/sap/Dropbox/Projects/HomeBase2025/hb-master/content/1-locations/1-pratt-st/hb-prattst-400-00001.jpg -> /Users/sap/Dropbox/Projects/HomeBase2025/hb-master-textonly/content/1-locations/1-pratt-st/hb-prattst-400-00001.jpg.placeholder
2025-07-24 09:22:53,534 INFO: Copied text file: /Users/sap/Dropbox/Projects/HomeBase2025/hb-master/content/1-locations/1-pratt-st/hb-prattst-400-00001.jpg.txt -> /Users/sap/Dropbox/Projects/HomeBase2025/hb-master-textonly/content/1-locations/1-pratt-st/hb-prattst-400-00001.jpg.txt
2025-07-24 09:22:53,534 INFO: Creating placeholder for media: /Users/sap/Dropbox/Projects/HomeBase2025/hb-master/content/1-locations/1-pratt-st/hb-prattst-400-00002.jpg -> /Users/sap/Dropbox/Projects/HomeBase2025/hb-master-textonly/content/1-locations/1-pratt-st/hb-prattst-400-00002.jpg.placeholder
2025-07-24 09:22:53,535 INFO: Creating placeholder for media: /Users/sap/Dropbox/Projects/HomeBase2025/hb-master/content/1-locations/1-pratt-st/hb-prattst-400-00003.jpg -> /Users/sap/Dropbox/Projects/HomeBase2025/hb-master-textonly/content/1-locations/1-pratt-st/hb-prattst-400-00003.jpg.placeholder
2025-07-24 09:22:53,536 INFO: Creating placeholder for media: /Users/sap/Dropbox/Projects/HomeBase2025/hb-master/content/1-locations/1-pratt-st/hb-prattst-400-00004.jpg -> /Users/sap/Dropbox/Projects/HomeBase2025/hb-master-textonly/content/1-locations/1-pratt-st/hb-prattst-400-00004.jpg.placeholder
2025-07-24 09:22:53,537 INFO: Copied text file: /Users/sap/Dropbox/Projects/HomeBase2025/hb-master/content/1-locations/1-pratt-st/location.txt -> /Users/sap/Dropbox/Projects/HomeBase2025/hb-master-textonly/content/1-locations/1-pratt-st/location.txt
2025-07-24 09:22:53,538 INFO: Copied text file: /Users/sap/Dropbox/Projects/HomeBase2025/hb-master/content/1-locations/1-pratt-st/plans/hb-prattst-floorplan.png.txt -> /Users/sap/Dropbox/Projects/HomeBase2025/hb-master-textonly/content/1-locations/1-pratt-st/plans/hb-prattst-floorplan.png.txt
2025-07-24 09:22:53,538 INFO: Creating placeholder for media: /Users/sap/Dropbox/Projects/HomeBase2025/hb-master/content/1-locations/1-pratt-st/plans/hb-prattst-floorplan.png -> /Users/sap/Dropbox/Projects/HomeBase2025/hb-master-textonly/content/1-locations/1-pratt-st/plans/hb-prattst-floorplan.png.placeholder
2025-07-24 09:22:53,539 INFO: Copied text file: /Users/sap/Dropbox/Projects/HomeBase2025/hb-master/content/1-locations/1-pratt-st/plans/base.txt -> /Users/sap/Dropbox/Projects/HomeBase2025/hb-master-textonly/content/1-locations/1-pratt-st/plans/base.txt
2025-07-24 09:22:53,540 INFO: Creating placeholder for media: /Users/sap/Dropbox/Projects/HomeBase2025/hb-master/content/1-locations/1-pratt-st/1-postbase/homebase-prattst-41.jpg -> /Users/sap/Dropbox/Projects/HomeBase2025/hb-master-textonly/content/1-locations/1-pratt-st/1-postbase/homebase-prattst-41.jpg.placeholder
2025-07-24 09:22:53,542 INFO: Copied text file: /Users/sap/Dropbox/Projects/HomeBase2025/hb-master/content/1-locations/1-pratt-st/1-postbase/base.txt -> /Users/sap/Dropbox/Projects/HomeBase2025/hb-master-textonly/content/1-locations/1-pratt-st/1-postbase/base.txt
2025-07-24 09:22:53,542 INFO: Creating placeholder for media: /Users/sap/Dropbox/Projects/HomeBase2025/hb-master/content/1-locations/1-pratt-st/2-meetbase/homebase-prattst-25.jpg -> /Users/sap/Dropbox/Projects/HomeBase2025/hb-master-textonly/content/1-locations/1-pratt-st/2-meetbase/homebase-prattst-25.jpg.placeholder
2025-07-24 09:22:53,544 INFO: Copied text file: /Users/sap/Dropbox/Projects/HomeBase2025/hb-master/content/1-locations/1-pratt-st/2-meetbase/base.txt -> /Users/sap/Dropbox/Projects/HomeBase2025/hb-master-textonly/content/1-locations/1-pratt-st/2-meetbase/base.txt
2025-07-24 09:22:53,545 INFO: Creating placeholder for media: /Users/sap/Dropbox/Projects/HomeBase2025/hb-master/content/1-locations/1-pratt-st/6-doublebase/openingsoon@2x.png -> /Users/sap/Dropbox/Projects/HomeBase2025/hb-master-textonly/content/1-locations/1-pratt-st/6-doublebase/openingsoon@2x.png.placeholder
2025-07-24 09:22:53,548 INFO: Copied text file: /Users/sap/Dropbox/Projects/HomeBase2025/hb-master/content/1-locations/1-pratt-st/6-doublebase/base.txt -> /Users/sap/Dropbox/Projects/HomeBase2025/hb-master-textonly/content/1-locations/1-pratt-st/6-doublebase/base.txt
2025-07-24 09:22:53,548 INFO: Creating placeholder for media: /Users/sap/Dropbox/Projects/HomeBase2025/hb-master/content/1-locations/1-pratt-st/5-singlebase/openingsoon@2x.png -> /Users/sap/Dropbox/Projects/HomeBase2025/hb-master-textonly/content/1-locations/1-pratt-st/5-singlebase/openingsoon@2x.png.placeholder
2025-07-24 09:22:53,550 INFO: Copied text file: /Users/sap/Dropbox/Projects/HomeBase2025/hb-master/content/1-locations/1-pratt-st/5-singlebase/base.txt -> /Users/sap/Dropbox/Projects/HomeBase2025/hb-master-textonly/content/1-locations/1-pratt-st/5-singlebase/base.txt
2025-07-24 09:22:53,550 INFO: Creating placeholder for media: /Users/sap/Dropbox/Projects/HomeBase2025/hb-master/content/1-locations/1-pratt-st/4-workbase/homebase-prattst-5.jpg -> /Users/sap/Dropbox/Projects/HomeBase2025/hb-master-textonly/content/1-locations/1-pratt-st/4-workbase/homebase-prattst-5.jpg.placeholder
2025-07-24 09:22:53,551 INFO: Copied text file: /Users/sap/Dropbox/Projects/HomeBase2025/hb-master/content/1-locations/1-pratt-st/4-workbase/base.txt -> /Users/sap/Dropbox/Projects/HomeBase2025/hb-master-textonly/content/1-locations/1-pratt-st/4-workbase/base.txt
2025-07-24 09:22:53,552 INFO: Creating placeholder for media: /Users/sap/Dropbox/Projects/HomeBase2025/hb-master/content/1-locations/1-pratt-st/3-flexbase/homebase-prattst-14.jpg -> /Users/sap/Dropbox/Projects/HomeBase2025/hb-master-textonly/content/1-locations/1-pratt-st/3-flexbase/homebase-prattst-14.jpg.placeholder
2025-07-24 09:22:53,553 INFO: Copied text file: /Users/sap/Dropbox/Projects/HomeBase2025/hb-master/content/1-locations/1-pratt-st/3-flexbase/base.txt -> /Users/sap/Dropbox/Projects/HomeBase2025/hb-master-textonly/content/1-locations/1-pratt-st/3-flexbase/base.txt
2025-07-24 09:22:53,554 INFO: Copied text file: /Users/sap/Dropbox/Projects/HomeBase2025/hb-master/content/4-info/info.txt -> /Users/sap/Dropbox/Projects/HomeBase2025/hb-master-textonly/content/4-info/info.txt
2025-07-24 09:22:53,555 INFO: Creating placeholder for media: /Users/sap/Dropbox/Projects/HomeBase2025/hb-master/content/4-info/0-hunter-s-tomcat/hunter-s-tomcat.jpg -> /Users/sap/Dropbox/Projects/HomeBase2025/hb-master-textonly/content/4-info/0-hunter-s-tomcat/hunter-s-tomcat.jpg.placeholder
2025-07-24 09:22:53,556 INFO: Copied text file: /Users/sap/Dropbox/Projects/HomeBase2025/hb-master/content/4-info/0-hunter-s-tomcat/team.txt -> /Users/sap/Dropbox/Projects/HomeBase2025/hb-master-textonly/content/4-info/0-hunter-s-tomcat/team.txt
2025-07-24 09:22:53,557 INFO: Copied text file: /Users/sap/Dropbox/Projects/HomeBase2025/hb-master/content/4-info/0-brad-kitt/team.txt -> /Users/sap/Dropbox/Projects/HomeBase2025/hb-master-textonly/content/4-info/0-brad-kitt/team.txt
2025-07-24 09:22:53,557 INFO: Creating placeholder for media: /Users/sap/Dropbox/Projects/HomeBase2025/hb-master/content/4-info/0-brad-kitt/brad-kitt.jpg -> /Users/sap/Dropbox/Projects/HomeBase2025/hb-master-textonly/content/4-info/0-brad-kitt/brad-kitt.jpg.placeholder
2025-07-24 09:22:53,559 INFO: Copied text file: /Users/sap/Dropbox/Projects/HomeBase2025/hb-master/content/4-info/0-cat-winslet/team.txt -> /Users/sap/Dropbox/Projects/HomeBase2025/hb-master-textonly/content/4-info/0-cat-winslet/team.txt
2025-07-24 09:22:53,559 INFO: Creating placeholder for media: /Users/sap/Dropbox/Projects/HomeBase2025/hb-master/content/4-info/0-cat-winslet/cat-winslet.jpg -> /Users/sap/Dropbox/Projects/HomeBase2025/hb-master-textonly/content/4-info/0-cat-winslet/cat-winslet.jpg.placeholder
2025-07-24 09:22:53,562 INFO: Copied text file: /Users/sap/Dropbox/Projects/HomeBase2025/hb-master/content/error/error.txt -> /Users/sap/Dropbox/Projects/HomeBase2025/hb-master-textonly/content/error/error.txt
2025-07-24 09:22:53,564 INFO: Copied small/unknown file: /Users/sap/Dropbox/Projects/HomeBase2025/hb-master/site/.DS_Store -> /Users/sap/Dropbox/Projects/HomeBase2025/hb-master-textonly/site/.DS_Store
2025-07-24 09:22:53,566 INFO: Copied small/unknown file: /Users/sap/Dropbox/Projects/HomeBase2025/hb-master/site/registrations.log -> /Users/sap/Dropbox/Projects/HomeBase2025/hb-master-textonly/site/registrations.log
2025-07-24 09:22:53,568 INFO: Copied text file: /Users/sap/Dropbox/Projects/HomeBase2025/hb-master/site/snippets/on.php -> /Users/sap/Dropbox/Projects/HomeBase2025/hb-master-textonly/site/snippets/on.php
2025-07-24 09:22:53,569 INFO: Copied text file: /Users/sap/Dropbox/Projects/HomeBase2025/hb-master/site/snippets/featured.php -> /Users/sap/Dropbox/Projects/HomeBase2025/hb-master-textonly/site/snippets/featured.php
2025-07-24 09:22:53,570 INFO: Copied text file: /Users/sap/Dropbox/Projects/HomeBase2025/hb-master/site/snippets/sharebar.php -> /Users/sap/Dropbox/Projects/HomeBase2025/hb-master-textonly/site/snippets/sharebar.php
2025-07-24 09:22:53,571 INFO: Copied text file: /Users/sap/Dropbox/Projects/HomeBase2025/hb-master/site/snippets/disqus.php -> /Users/sap/Dropbox/Projects/HomeBase2025/hb-master-textonly/site/snippets/disqus.php
2025-07-24 09:22:53,571 INFO: Copied text file: /Users/sap/Dropbox/Projects/HomeBase2025/hb-master/site/snippets/gallery.php -> /Users/sap/Dropbox/Projects/HomeBase2025/hb-master-textonly/site/snippets/gallery.php
2025-07-24 09:22:53,572 INFO: Copied text file: /Users/sap/Dropbox/Projects/HomeBase2025/hb-master/site/snippets/tour.php -> /Users/sap/Dropbox/Projects/HomeBase2025/hb-master-textonly/site/snippets/tour.php
2025-07-24 09:22:53,574 INFO: Copied text file: /Users/sap/Dropbox/Projects/HomeBase2025/hb-master/site/snippets/install.php -> /Users/sap/Dropbox/Projects/HomeBase2025/hb-master-textonly/site/snippets/install.php
2025-07-24 09:22:53,574 INFO: Copied text file: /Users/sap/Dropbox/Projects/HomeBase2025/hb-master/site/snippets/coverimage.php -> /Users/sap/Dropbox/Projects/HomeBase2025/hb-master-textonly/site/snippets/coverimage.php
2025-07-24 09:22:53,575 INFO: Copied text file: /Users/sap/Dropbox/Projects/HomeBase2025/hb-master/site/snippets/drift.php -> /Users/sap/Dropbox/Projects/HomeBase2025/hb-master-textonly/site/snippets/drift.php
2025-07-24 09:22:53,577 INFO: Copied text file: /Users/sap/Dropbox/Projects/HomeBase2025/hb-master/site/snippets/pagination.php -> /Users/sap/Dropbox/Projects/HomeBase2025/hb-master-textonly/site/snippets/pagination.php
2025-07-24 09:22:53,578 INFO: Copied text file: /Users/sap/Dropbox/Projects/HomeBase2025/hb-master/site/snippets/showcase.php -> /Users/sap/Dropbox/Projects/HomeBase2025/hb-master-textonly/site/snippets/showcase.php
2025-07-24 09:22:53,579 INFO: Copied text file: /Users/sap/Dropbox/Projects/HomeBase2025/hb-master/site/snippets/locations.php -> /Users/sap/Dropbox/Projects/HomeBase2025/hb-master-textonly/site/snippets/locations.php
2025-07-24 09:22:53,580 INFO: Copied text file: /Users/sap/Dropbox/Projects/HomeBase2025/hb-master/site/snippets/pn.php -> /Users/sap/Dropbox/Projects/HomeBase2025/hb-master-textonly/site/snippets/pn.php
2025-07-24 09:22:53,581 INFO: Copied text file: /Users/sap/Dropbox/Projects/HomeBase2025/hb-master/site/snippets/intro.php -> /Users/sap/Dropbox/Projects/HomeBase2025/hb-master-textonly/site/snippets/intro.php
2025-07-24 09:22:53,581 INFO: Copied text file: /Users/sap/Dropbox/Projects/HomeBase2025/hb-master/site/snippets/cal.php -> /Users/sap/Dropbox/Projects/HomeBase2025/hb-master-textonly/site/snippets/cal.php
2025-07-24 09:22:53,582 INFO: Copied text file: /Users/sap/Dropbox/Projects/HomeBase2025/hb-master/site/snippets/latest.php -> /Users/sap/Dropbox/Projects/HomeBase2025/hb-master-textonly/site/snippets/latest.php
2025-07-24 09:22:53,583 INFO: Copied text file: /Users/sap/Dropbox/Projects/HomeBase2025/hb-master/site/snippets/pntip.php -> /Users/sap/Dropbox/Projects/HomeBase2025/hb-master-textonly/site/snippets/pntip.php
2025-07-24 09:22:53,584 INFO: Copied text file: /Users/sap/Dropbox/Projects/HomeBase2025/hb-master/site/snippets/menu.php -> /Users/sap/Dropbox/Projects/HomeBase2025/hb-master-textonly/site/snippets/menu.php
2025-07-24 09:22:53,585 INFO: Copied text file: /Users/sap/Dropbox/Projects/HomeBase2025/hb-master/site/snippets/header.php -> /Users/sap/Dropbox/Projects/HomeBase2025/hb-master-textonly/site/snippets/header.php
2025-07-24 09:22:53,586 INFO: Copied text file: /Users/sap/Dropbox/Projects/HomeBase2025/hb-master/site/snippets/pricings.php -> /Users/sap/Dropbox/Projects/HomeBase2025/hb-master-textonly/site/snippets/pricings.php
2025-07-24 09:22:53,587 INFO: Copied text file: /Users/sap/Dropbox/Projects/HomeBase2025/hb-master/site/snippets/footer.php -> /Users/sap/Dropbox/Projects/HomeBase2025/hb-master-textonly/site/snippets/footer.php
2025-07-24 09:22:53,588 INFO: Copied text file: /Users/sap/Dropbox/Projects/HomeBase2025/hb-master/site/snippets/location.php -> /Users/sap/Dropbox/Projects/HomeBase2025/hb-master-textonly/site/snippets/location.php
2025-07-24 09:22:53,589 INFO: Copied text file: /Users/sap/Dropbox/Projects/HomeBase2025/hb-master/site/snippets/share.php -> /Users/sap/Dropbox/Projects/HomeBase2025/hb-master-textonly/site/snippets/share.php
2025-07-24 09:22:53,589 INFO: Copied text file: /Users/sap/Dropbox/Projects/HomeBase2025/hb-master/site/snippets/socialmeta.php -> /Users/sap/Dropbox/Projects/HomeBase2025/hb-master-textonly/site/snippets/socialmeta.php
2025-07-24 09:22:53,590 INFO: Copied text file: /Users/sap/Dropbox/Projects/HomeBase2025/hb-master/site/snippets/ontip.php -> /Users/sap/Dropbox/Projects/HomeBase2025/hb-master-textonly/site/snippets/ontip.php
2025-07-24 09:22:53,591 INFO: Copied text file: /Users/sap/Dropbox/Projects/HomeBase2025/hb-master/site/snippets/carousel.php -> /Users/sap/Dropbox/Projects/HomeBase2025/hb-master-textonly/site/snippets/carousel.php
2025-07-24 09:22:53,592 INFO: Copied text file: /Users/sap/Dropbox/Projects/HomeBase2025/hb-master/site/snippets/pricing-location.php -> /Users/sap/Dropbox/Projects/HomeBase2025/hb-master-textonly/site/snippets/pricing-location.php
2025-07-24 09:22:53,593 INFO: Copied text file: /Users/sap/Dropbox/Projects/HomeBase2025/hb-master/site/blueprints/press.yml -> /Users/sap/Dropbox/Projects/HomeBase2025/hb-master-textonly/site/blueprints/press.yml
2025-07-24 09:22:53,596 INFO: Copied text file: /Users/sap/Dropbox/Projects/HomeBase2025/hb-master/site/blueprints/default.yml -> /Users/sap/Dropbox/Projects/HomeBase2025/hb-master-textonly/site/blueprints/default.yml
2025-07-24 09:22:53,598 INFO: Copied text file: /Users/sap/Dropbox/Projects/HomeBase2025/hb-master/site/blueprints/article.yml -> /Users/sap/Dropbox/Projects/HomeBase2025/hb-master-textonly/site/blueprints/article.yml
2025-07-24 09:22:53,599 INFO: Copied text file: /Users/sap/Dropbox/Projects/HomeBase2025/hb-master/site/blueprints/site.yml -> /Users/sap/Dropbox/Projects/HomeBase2025/hb-master-textonly/site/blueprints/site.yml
2025-07-24 09:22:53,600 INFO: Copied text file: /Users/sap/Dropbox/Projects/HomeBase2025/hb-master/site/blueprints/error.yml -> /Users/sap/Dropbox/Projects/HomeBase2025/hb-master-textonly/site/blueprints/error.yml
2025-07-24 09:22:53,601 INFO: Copied text file: /Users/sap/Dropbox/Projects/HomeBase2025/hb-master/site/blueprints/blog.yml -> /Users/sap/Dropbox/Projects/HomeBase2025/hb-master-textonly/site/blueprints/blog.yml
2025-07-24 09:22:53,602 INFO: Copied text file: /Users/sap/Dropbox/Projects/HomeBase2025/hb-master/site/blueprints/base.yml -> /Users/sap/Dropbox/Projects/HomeBase2025/hb-master-textonly/site/blueprints/base.yml
2025-07-24 09:22:53,603 INFO: Copied text file: /Users/sap/Dropbox/Projects/HomeBase2025/hb-master/site/blueprints/location.yml -> /Users/sap/Dropbox/Projects/HomeBase2025/hb-master-textonly/site/blueprints/location.yml
2025-07-24 09:22:53,604 INFO: Copied text file: /Users/sap/Dropbox/Projects/HomeBase2025/hb-master/site/blueprints/locations.yml -> /Users/sap/Dropbox/Projects/HomeBase2025/hb-master-textonly/site/blueprints/locations.yml
2025-07-24 09:22:53,605 INFO: Copied text file: /Users/sap/Dropbox/Projects/HomeBase2025/hb-master/site/blueprints/events.yml -> /Users/sap/Dropbox/Projects/HomeBase2025/hb-master-textonly/site/blueprints/events.yml
2025-07-24 09:22:53,607 INFO: Copied text file: /Users/sap/Dropbox/Projects/HomeBase2025/hb-master/site/blueprints/home.yml -> /Users/sap/Dropbox/Projects/HomeBase2025/hb-master-textonly/site/blueprints/home.yml
2025-07-24 09:22:53,607 INFO: Copied text file: /Users/sap/Dropbox/Projects/HomeBase2025/hb-master/site/blueprints/contact.yml -> /Users/sap/Dropbox/Projects/HomeBase2025/hb-master-textonly/site/blueprints/contact.yml
2025-07-24 09:22:53,608 INFO: Copied text file: /Users/sap/Dropbox/Projects/HomeBase2025/hb-master/site/blueprints/info.yml -> /Users/sap/Dropbox/Projects/HomeBase2025/hb-master-textonly/site/blueprints/info.yml
2025-07-24 09:22:53,609 INFO: Copied text file: /Users/sap/Dropbox/Projects/HomeBase2025/hb-master/site/blueprints/post.yml -> /Users/sap/Dropbox/Projects/HomeBase2025/hb-master-textonly/site/blueprints/post.yml
2025-07-24 09:22:53,610 INFO: Copied text file: /Users/sap/Dropbox/Projects/HomeBase2025/hb-master/site/cache/index.html -> /Users/sap/Dropbox/Projects/HomeBase2025/hb-master-textonly/site/cache/index.html
2025-07-24 09:22:53,613 INFO: Copied text file: /Users/sap/Dropbox/Projects/HomeBase2025/hb-master/site/config/config.hbdev.herokuapp.com.php -> /Users/sap/Dropbox/Projects/HomeBase2025/hb-master-textonly/site/config/config.hbdev.herokuapp.com.php
2025-07-24 09:22:53,614 INFO: Copied text file: /Users/sap/Dropbox/Projects/HomeBase2025/hb-master/site/config/config.php -> /Users/sap/Dropbox/Projects/HomeBase2025/hb-master-textonly/site/config/config.php
2025-07-24 09:22:53,616 INFO: Copied text file: /Users/sap/Dropbox/Projects/HomeBase2025/hb-master/site/plugins/autoload.php -> /Users/sap/Dropbox/Projects/HomeBase2025/hb-master-textonly/site/plugins/autoload.php
2025-07-24 09:22:53,617 INFO: Copied text file: /Users/sap/Dropbox/Projects/HomeBase2025/hb-master/site/plugins/index.html -> /Users/sap/Dropbox/Projects/HomeBase2025/hb-master-textonly/site/plugins/index.html
2025-07-24 09:22:53,618 INFO: Copied text file: /Users/sap/Dropbox/Projects/HomeBase2025/hb-master/site/plugins/kirby-compress/license.md -> /Users/sap/Dropbox/Projects/HomeBase2025/hb-master-textonly/site/plugins/kirby-compress/license.md
2025-07-24 09:22:53,619 INFO: Copied text file: /Users/sap/Dropbox/Projects/HomeBase2025/hb-master/site/plugins/kirby-compress/kirby-compress.php -> /Users/sap/Dropbox/Projects/HomeBase2025/hb-master-textonly/site/plugins/kirby-compress/kirby-compress.php
2025-07-24 09:22:53,620 INFO: Copied text file: /Users/sap/Dropbox/Projects/HomeBase2025/hb-master/site/plugins/kirby-compress/readme.md -> /Users/sap/Dropbox/Projects/HomeBase2025/hb-master-textonly/site/plugins/kirby-compress/readme.md
2025-07-24 09:22:53,621 INFO: Copied small/unknown file: /Users/sap/Dropbox/Projects/HomeBase2025/hb-master/site/plugins/kirby-compress/.gitignore -> /Users/sap/Dropbox/Projects/HomeBase2025/hb-master-textonly/site/plugins/kirby-compress/.gitignore
2025-07-24 09:22:53,623 INFO: Copied text file: /Users/sap/Dropbox/Projects/HomeBase2025/hb-master/site/plugins/kirby-compress/package.json -> /Users/sap/Dropbox/Projects/HomeBase2025/hb-master-textonly/site/plugins/kirby-compress/package.json
2025-07-24 09:22:53,624 INFO: Copied text file: /Users/sap/Dropbox/Projects/HomeBase2025/hb-master/site/plugins/kirby-compress/lib/response.php -> /Users/sap/Dropbox/Projects/HomeBase2025/hb-master-textonly/site/plugins/kirby-compress/lib/response.php
2025-07-24 09:22:53,625 INFO: Copied text file: /Users/sap/Dropbox/Projects/HomeBase2025/hb-master/site/plugins/images/README.md -> /Users/sap/Dropbox/Projects/HomeBase2025/hb-master-textonly/site/plugins/images/README.md
2025-07-24 09:22:53,626 INFO: Copied small/unknown file: /Users/sap/Dropbox/Projects/HomeBase2025/hb-master/site/plugins/images/.gitignore -> /Users/sap/Dropbox/Projects/HomeBase2025/hb-master-textonly/site/plugins/images/.gitignore
2025-07-24 09:22:53,627 INFO: Copied text file: /Users/sap/Dropbox/Projects/HomeBase2025/hb-master/site/plugins/images/package.json -> /Users/sap/Dropbox/Projects/HomeBase2025/hb-master-textonly/site/plugins/images/package.json
2025-07-24 09:22:53,629 INFO: Copied text file: /Users/sap/Dropbox/Projects/HomeBase2025/hb-master/site/plugins/images/images.php -> /Users/sap/Dropbox/Projects/HomeBase2025/hb-master-textonly/site/plugins/images/images.php
2025-07-24 09:22:53,631 INFO: Copied text file: /Users/sap/Dropbox/Projects/HomeBase2025/hb-master/site/plugins/images/fields/images/translations.php -> /Users/sap/Dropbox/Projects/HomeBase2025/hb-master-textonly/site/plugins/images/fields/images/translations.php
2025-07-24 09:22:53,632 INFO: Copied text file: /Users/sap/Dropbox/Projects/HomeBase2025/hb-master/site/plugins/images/fields/images/helper.php -> /Users/sap/Dropbox/Projects/HomeBase2025/hb-master-textonly/site/plugins/images/fields/images/helper.php
2025-07-24 09:22:53,633 INFO: Copied text file: /Users/sap/Dropbox/Projects/HomeBase2025/hb-master/site/plugins/images/fields/images/template.php -> /Users/sap/Dropbox/Projects/HomeBase2025/hb-master-textonly/site/plugins/images/fields/images/template.php
2025-07-24 09:22:53,634 INFO: Copied text file: /Users/sap/Dropbox/Projects/HomeBase2025/hb-master/site/plugins/images/fields/images/images.php -> /Users/sap/Dropbox/Projects/HomeBase2025/hb-master-textonly/site/plugins/images/fields/images/images.php
2025-07-24 09:22:53,636 INFO: Copied small/unknown file: /Users/sap/Dropbox/Projects/HomeBase2025/hb-master/site/plugins/images/fields/images/assets/css/style.css.map -> /Users/sap/Dropbox/Projects/HomeBase2025/hb-master-textonly/site/plugins/images/fields/images/assets/css/style.css.map
2025-07-24 09:22:53,637 INFO: Copied text file: /Users/sap/Dropbox/Projects/HomeBase2025/hb-master/site/plugins/images/fields/images/assets/css/style.scss -> /Users/sap/Dropbox/Projects/HomeBase2025/hb-master-textonly/site/plugins/images/fields/images/assets/css/style.scss
2025-07-24 09:22:53,638 INFO: Copied text file: /Users/sap/Dropbox/Projects/HomeBase2025/hb-master/site/plugins/images/fields/images/assets/css/style.css -> /Users/sap/Dropbox/Projects/HomeBase2025/hb-master-textonly/site/plugins/images/fields/images/assets/css/style.css
2025-07-24 09:22:53,638 INFO: Creating placeholder for media: /Users/sap/Dropbox/Projects/HomeBase2025/hb-master/site/plugins/images/fields/images/assets/images/images.gif -> /Users/sap/Dropbox/Projects/HomeBase2025/hb-master-textonly/site/plugins/images/fields/images/assets/images/images.gif.placeholder
2025-07-24 09:22:53,640 INFO: Copied text file: /Users/sap/Dropbox/Projects/HomeBase2025/hb-master/site/plugins/images/fields/images/assets/js/script.js -> /Users/sap/Dropbox/Projects/HomeBase2025/hb-master-textonly/site/plugins/images/fields/images/assets/js/script.js
2025-07-24 09:22:53,641 INFO: Copied text file: /Users/sap/Dropbox/Projects/HomeBase2025/hb-master/site/plugins/images/fields/images/assets/js/script-min.js -> /Users/sap/Dropbox/Projects/HomeBase2025/hb-master-textonly/site/plugins/images/fields/images/assets/js/script-min.js
2025-07-24 09:22:53,642 INFO: Creating placeholder for media: /Users/sap/Dropbox/Projects/HomeBase2025/hb-master/site/plugins/images/assets/images/images.gif -> /Users/sap/Dropbox/Projects/HomeBase2025/hb-master-textonly/site/plugins/images/assets/images/images.gif.placeholder
2025-07-24 09:22:53,644 INFO: Copied text file: /Users/sap/Dropbox/Projects/HomeBase2025/hb-master/site/plugins/kirby-panel-prevnext/readme.md -> /Users/sap/Dropbox/Projects/HomeBase2025/hb-master-textonly/site/plugins/kirby-panel-prevnext/readme.md
2025-07-24 09:22:53,645 INFO: Copied text file: /Users/sap/Dropbox/Projects/HomeBase2025/hb-master/site/plugins/kirby-panel-prevnext/kirby-panel-prevnext.php -> /Users/sap/Dropbox/Projects/HomeBase2025/hb-master-textonly/site/plugins/kirby-panel-prevnext/kirby-panel-prevnext.php
2025-07-24 09:22:53,647 INFO: Copied text file: /Users/sap/Dropbox/Projects/HomeBase2025/hb-master/site/plugins/kirby-panel-prevnext/package.json -> /Users/sap/Dropbox/Projects/HomeBase2025/hb-master-textonly/site/plugins/kirby-panel-prevnext/package.json
2025-07-24 09:22:53,652 INFO: Copied text file: /Users/sap/Dropbox/Projects/HomeBase2025/hb-master/site/plugins/kirby-panel-prevnext/definition.yml -> /Users/sap/Dropbox/Projects/HomeBase2025/hb-master-textonly/site/plugins/kirby-panel-prevnext/definition.yml
2025-07-24 09:22:53,656 INFO: Creating placeholder for media: /Users/sap/Dropbox/Projects/HomeBase2025/hb-master/site/plugins/kirby-panel-prevnext/docs/prevnext.gif -> /Users/sap/Dropbox/Projects/HomeBase2025/hb-master-textonly/site/plugins/kirby-panel-prevnext/docs/prevnext.gif.placeholder
2025-07-24 09:22:53,658 INFO: Copied text file: /Users/sap/Dropbox/Projects/HomeBase2025/hb-master/site/plugins/kirby-panel-prevnext/field/template.php -> /Users/sap/Dropbox/Projects/HomeBase2025/hb-master-textonly/site/plugins/kirby-panel-prevnext/field/template.php
2025-07-24 09:22:53,659 INFO: Copied text file: /Users/sap/Dropbox/Projects/HomeBase2025/hb-master/site/plugins/kirby-panel-prevnext/field/prevnext.php -> /Users/sap/Dropbox/Projects/HomeBase2025/hb-master-textonly/site/plugins/kirby-panel-prevnext/field/prevnext.php
2025-07-24 09:22:53,662 INFO: Copied text file: /Users/sap/Dropbox/Projects/HomeBase2025/hb-master/site/plugins/kirby-panel-prevnext/field/assets/css/style.css -> /Users/sap/Dropbox/Projects/HomeBase2025/hb-master-textonly/site/plugins/kirby-panel-prevnext/field/assets/css/style.css
2025-07-24 09:22:53,664 INFO: Copied text file: /Users/sap/Dropbox/Projects/HomeBase2025/hb-master/site/plugins/cachebuster/readme.md -> /Users/sap/Dropbox/Projects/HomeBase2025/hb-master-textonly/site/plugins/cachebuster/readme.md
2025-07-24 09:22:53,665 INFO: Copied text file: /Users/sap/Dropbox/Projects/HomeBase2025/hb-master/site/plugins/cachebuster/package.json -> /Users/sap/Dropbox/Projects/HomeBase2025/hb-master-textonly/site/plugins/cachebuster/package.json
2025-07-24 09:22:53,666 INFO: Copied text file: /Users/sap/Dropbox/Projects/HomeBase2025/hb-master/site/plugins/cachebuster/cachebuster.php -> /Users/sap/Dropbox/Projects/HomeBase2025/hb-master-textonly/site/plugins/cachebuster/cachebuster.php
2025-07-24 09:22:53,668 INFO: Copied text file: /Users/sap/Dropbox/Projects/HomeBase2025/hb-master/site/plugins/cachebuster/lib/js.php -> /Users/sap/Dropbox/Projects/HomeBase2025/hb-master-textonly/site/plugins/cachebuster/lib/js.php
2025-07-24 09:22:53,669 INFO: Copied text file: /Users/sap/Dropbox/Projects/HomeBase2025/hb-master/site/plugins/cachebuster/lib/css.php -> /Users/sap/Dropbox/Projects/HomeBase2025/hb-master-textonly/site/plugins/cachebuster/lib/css.php
2025-07-24 09:22:53,671 INFO: Copied small/unknown file: /Users/sap/Dropbox/Projects/HomeBase2025/hb-master/site/plugins/cookie/LICENSE -> /Users/sap/Dropbox/Projects/HomeBase2025/hb-master-textonly/site/plugins/cookie/LICENSE
2025-07-24 09:22:53,671 INFO: Creating placeholder for media: /Users/sap/Dropbox/Projects/HomeBase2025/hb-master/site/plugins/cookie/cookie.png -> /Users/sap/Dropbox/Projects/HomeBase2025/hb-master-textonly/site/plugins/cookie/cookie.png.placeholder
2025-07-24 09:22:53,672 INFO: Copied text file: /Users/sap/Dropbox/Projects/HomeBase2025/hb-master/site/plugins/cookie/cookie.php -> /Users/sap/Dropbox/Projects/HomeBase2025/hb-master-textonly/site/plugins/cookie/cookie.php
2025-07-24 09:22:53,673 INFO: Copied text file: /Users/sap/Dropbox/Projects/HomeBase2025/hb-master/site/plugins/cookie/readme.md -> /Users/sap/Dropbox/Projects/HomeBase2025/hb-master-textonly/site/plugins/cookie/readme.md
2025-07-24 09:22:53,675 INFO: Copied small/unknown file: /Users/sap/Dropbox/Projects/HomeBase2025/hb-master/site/plugins/cookie/.gitignore -> /Users/sap/Dropbox/Projects/HomeBase2025/hb-master-textonly/site/plugins/cookie/.gitignore
2025-07-24 09:22:53,676 INFO: Copied text file: /Users/sap/Dropbox/Projects/HomeBase2025/hb-master/site/plugins/cookie/package.json -> /Users/sap/Dropbox/Projects/HomeBase2025/hb-master-textonly/site/plugins/cookie/package.json
2025-07-24 09:22:53,677 INFO: Copied text file: /Users/sap/Dropbox/Projects/HomeBase2025/hb-master/site/plugins/cookie/cookie.scss -> /Users/sap/Dropbox/Projects/HomeBase2025/hb-master-textonly/site/plugins/cookie/cookie.scss
2025-07-24 09:22:53,678 INFO: Copied text file: /Users/sap/Dropbox/Projects/HomeBase2025/hb-master/site/plugins/cookie/languages/en.php -> /Users/sap/Dropbox/Projects/HomeBase2025/hb-master-textonly/site/plugins/cookie/languages/en.php
2025-07-24 09:22:53,679 INFO: Copied text file: /Users/sap/Dropbox/Projects/HomeBase2025/hb-master/site/plugins/cookie/languages/de.php -> /Users/sap/Dropbox/Projects/HomeBase2025/hb-master-textonly/site/plugins/cookie/languages/de.php
2025-07-24 09:22:53,680 INFO: Copied text file: /Users/sap/Dropbox/Projects/HomeBase2025/hb-master/site/plugins/cookie/templates/cookie.php -> /Users/sap/Dropbox/Projects/HomeBase2025/hb-master-textonly/site/plugins/cookie/templates/cookie.php
2025-07-24 09:22:53,682 INFO: Copied text file: /Users/sap/Dropbox/Projects/HomeBase2025/hb-master/site/plugins/cookie/src/cookie.js -> /Users/sap/Dropbox/Projects/HomeBase2025/hb-master-textonly/site/plugins/cookie/src/cookie.js
2025-07-24 09:22:53,684 INFO: Copied text file: /Users/sap/Dropbox/Projects/HomeBase2025/hb-master/site/plugins/kirby-scheduled-pages/kirby-scheduled-pages.php -> /Users/sap/Dropbox/Projects/HomeBase2025/hb-master-textonly/site/plugins/kirby-scheduled-pages/kirby-scheduled-pages.php
2025-07-24 09:22:53,684 INFO: Copied text file: /Users/sap/Dropbox/Projects/HomeBase2025/hb-master/site/plugins/kirby-scheduled-pages/README.md -> /Users/sap/Dropbox/Projects/HomeBase2025/hb-master-textonly/site/plugins/kirby-scheduled-pages/README.md
2025-07-24 09:22:53,685 INFO: Copied text file: /Users/sap/Dropbox/Projects/HomeBase2025/hb-master/site/plugins/kirby-scheduled-pages/page-methods.php -> /Users/sap/Dropbox/Projects/HomeBase2025/hb-master-textonly/site/plugins/kirby-scheduled-pages/page-methods.php
2025-07-24 09:22:53,687 INFO: Copied text file: /Users/sap/Dropbox/Projects/HomeBase2025/hb-master/site/plugins/kirby-scheduled-pages/package.json -> /Users/sap/Dropbox/Projects/HomeBase2025/hb-master-textonly/site/plugins/kirby-scheduled-pages/package.json
2025-07-24 09:22:53,689 INFO: Copied text file: /Users/sap/Dropbox/Projects/HomeBase2025/hb-master/site/plugins/kirby-scheduled-pages/controller-helper.php -> /Users/sap/Dropbox/Projects/HomeBase2025/hb-master-textonly/site/plugins/kirby-scheduled-pages/controller-helper.php
2025-07-24 09:22:53,690 INFO: Copied text file: /Users/sap/Dropbox/Projects/HomeBase2025/hb-master/site/plugins/kirby-scheduled-pages/pages-methods.php -> /Users/sap/Dropbox/Projects/HomeBase2025/hb-master-textonly/site/plugins/kirby-scheduled-pages/pages-methods.php
2025-07-24 09:22:53,691 INFO: Creating placeholder for media: /Users/sap/Dropbox/Projects/HomeBase2025/hb-master/site/plugins/kirby-scheduled-pages/docs/scheduled.gif -> /Users/sap/Dropbox/Projects/HomeBase2025/hb-master-textonly/site/plugins/kirby-scheduled-pages/docs/scheduled.gif.placeholder
2025-07-24 09:22:53,693 INFO: Copied text file: /Users/sap/Dropbox/Projects/HomeBase2025/hb-master/site/plugins/kirby-scheduled-pages/docs/CHANGELOG.md -> /Users/sap/Dropbox/Projects/HomeBase2025/hb-master-textonly/site/plugins/kirby-scheduled-pages/docs/CHANGELOG.md
2025-07-24 09:22:53,694 INFO: Copied text file: /Users/sap/Dropbox/Projects/HomeBase2025/hb-master/site/plugins/kirby-scheduled-pages/docs/CONFIG.md -> /Users/sap/Dropbox/Projects/HomeBase2025/hb-master-textonly/site/plugins/kirby-scheduled-pages/docs/CONFIG.md
2025-07-24 09:22:53,696 INFO: Copied text file: /Users/sap/Dropbox/Projects/HomeBase2025/hb-master/site/plugins/kirby-scheduled-pages/docs/CONTROLLER.md -> /Users/sap/Dropbox/Projects/HomeBase2025/hb-master-textonly/site/plugins/kirby-scheduled-pages/docs/CONTROLLER.md
2025-07-24 09:22:53,698 INFO: Copied text file: /Users/sap/Dropbox/Projects/HomeBase2025/hb-master/site/plugins/kirby-scheduled-pages/docs/FIELD.md -> /Users/sap/Dropbox/Projects/HomeBase2025/hb-master-textonly/site/plugins/kirby-scheduled-pages/docs/FIELD.md
2025-07-24 09:22:53,700 INFO: Copied text file: /Users/sap/Dropbox/Projects/HomeBase2025/hb-master/site/plugins/kirby-scheduled-pages/docs/PAGES-METHODS.md -> /Users/sap/Dropbox/Projects/HomeBase2025/hb-master-textonly/site/plugins/kirby-scheduled-pages/docs/PAGES-METHODS.md
2025-07-24 09:22:53,702 INFO: Copied text file: /Users/sap/Dropbox/Projects/HomeBase2025/hb-master/site/plugins/kirby-scheduled-pages/docs/PAGE-METHODS.md -> /Users/sap/Dropbox/Projects/HomeBase2025/hb-master-textonly/site/plugins/kirby-scheduled-pages/docs/PAGE-METHODS.md
2025-07-24 09:22:53,704 INFO: Copied text file: /Users/sap/Dropbox/Projects/HomeBase2025/hb-master/site/plugins/kirby-scheduled-pages/field/scheduled.php -> /Users/sap/Dropbox/Projects/HomeBase2025/hb-master-textonly/site/plugins/kirby-scheduled-pages/field/scheduled.php
2025-07-24 09:22:53,705 INFO: Copied text file: /Users/sap/Dropbox/Projects/HomeBase2025/hb-master/site/plugins/kirby-scheduled-pages/field/template.php -> /Users/sap/Dropbox/Projects/HomeBase2025/hb-master-textonly/site/plugins/kirby-scheduled-pages/field/template.php
2025-07-24 09:22:53,706 INFO: Copied text file: /Users/sap/Dropbox/Projects/HomeBase2025/hb-master/site/plugins/analytics/readme.md -> /Users/sap/Dropbox/Projects/HomeBase2025/hb-master-textonly/site/plugins/analytics/readme.md
2025-07-24 09:22:53,707 INFO: Copied text file: /Users/sap/Dropbox/Projects/HomeBase2025/hb-master/site/plugins/analytics/analytics.php -> /Users/sap/Dropbox/Projects/HomeBase2025/hb-master-textonly/site/plugins/analytics/analytics.php
2025-07-24 09:22:53,709 INFO: Copied text file: /Users/sap/Dropbox/Projects/HomeBase2025/hb-master/site/plugins/analytics/template.php -> /Users/sap/Dropbox/Projects/HomeBase2025/hb-master-textonly/site/plugins/analytics/template.php
2025-07-24 09:22:53,715 INFO: Copied small/unknown file: /Users/sap/Dropbox/Projects/HomeBase2025/hb-master/site/plugins/meta-tags/composer.lock -> /Users/sap/Dropbox/Projects/HomeBase2025/hb-master-textonly/site/plugins/meta-tags/composer.lock
2025-07-24 09:22:53,716 INFO: Copied text file: /Users/sap/Dropbox/Projects/HomeBase2025/hb-master/site/plugins/meta-tags/changelog.md -> /Users/sap/Dropbox/Projects/HomeBase2025/hb-master-textonly/site/plugins/meta-tags/changelog.md
2025-07-24 09:22:53,718 INFO: Copied small/unknown file: /Users/sap/Dropbox/Projects/HomeBase2025/hb-master/site/plugins/meta-tags/.editorconfig -> /Users/sap/Dropbox/Projects/HomeBase2025/hb-master-textonly/site/plugins/meta-tags/.editorconfig
2025-07-24 09:22:53,719 INFO: Copied text file: /Users/sap/Dropbox/Projects/HomeBase2025/hb-master/site/plugins/meta-tags/readme.md -> /Users/sap/Dropbox/Projects/HomeBase2025/hb-master-textonly/site/plugins/meta-tags/readme.md
2025-07-24 09:22:53,720 INFO: Copied small/unknown file: /Users/sap/Dropbox/Projects/HomeBase2025/hb-master/site/plugins/meta-tags/.gitignore -> /Users/sap/Dropbox/Projects/HomeBase2025/hb-master-textonly/site/plugins/meta-tags/.gitignore
2025-07-24 09:22:53,721 INFO: Copied text file: /Users/sap/Dropbox/Projects/HomeBase2025/hb-master/site/plugins/meta-tags/package.json -> /Users/sap/Dropbox/Projects/HomeBase2025/hb-master-textonly/site/plugins/meta-tags/package.json
2025-07-24 09:22:53,722 INFO: Copied text file: /Users/sap/Dropbox/Projects/HomeBase2025/hb-master/site/plugins/meta-tags/meta-tags.php -> /Users/sap/Dropbox/Projects/HomeBase2025/hb-master-textonly/site/plugins/meta-tags/meta-tags.php
2025-07-24 09:22:53,723 INFO: Copied text file: /Users/sap/Dropbox/Projects/HomeBase2025/hb-master/site/plugins/meta-tags/composer.json -> /Users/sap/Dropbox/Projects/HomeBase2025/hb-master-textonly/site/plugins/meta-tags/composer.json
2025-07-24 09:22:53,725 INFO: Copied text file: /Users/sap/Dropbox/Projects/HomeBase2025/hb-master/site/plugins/meta-tags/src/MetaTags.php -> /Users/sap/Dropbox/Projects/HomeBase2025/hb-master-textonly/site/plugins/meta-tags/src/MetaTags.php
2025-07-24 09:22:53,727 INFO: Copied text file: /Users/sap/Dropbox/Projects/HomeBase2025/hb-master/site/accounts/index.html -> /Users/sap/Dropbox/Projects/HomeBase2025/hb-master-textonly/site/accounts/index.html
2025-07-24 09:22:53,732 INFO: Copied text file: /Users/sap/Dropbox/Projects/HomeBase2025/hb-master/site/templates/info.php -> /Users/sap/Dropbox/Projects/HomeBase2025/hb-master-textonly/site/templates/info.php
2025-07-24 09:22:53,734 INFO: Copied text file: /Users/sap/Dropbox/Projects/HomeBase2025/hb-master/site/templates/locations.php -> /Users/sap/Dropbox/Projects/HomeBase2025/hb-master-textonly/site/templates/locations.php
2025-07-24 09:22:53,736 INFO: Copied text file: /Users/sap/Dropbox/Projects/HomeBase2025/hb-master/site/templates/events.php -> /Users/sap/Dropbox/Projects/HomeBase2025/hb-master-textonly/site/templates/events.php
2025-07-24 09:22:53,737 INFO: Copied text file: /Users/sap/Dropbox/Projects/HomeBase2025/hb-master/site/templates/xmlsitemap.php -> /Users/sap/Dropbox/Projects/HomeBase2025/hb-master-textonly/site/templates/xmlsitemap.php
2025-07-24 09:22:53,738 INFO: Copied text file: /Users/sap/Dropbox/Projects/HomeBase2025/hb-master/site/templates/home.php -> /Users/sap/Dropbox/Projects/HomeBase2025/hb-master-textonly/site/templates/home.php
2025-07-24 09:22:53,739 INFO: Copied text file: /Users/sap/Dropbox/Projects/HomeBase2025/hb-master/site/templates/contact.php -> /Users/sap/Dropbox/Projects/HomeBase2025/hb-master-textonly/site/templates/contact.php
2025-07-24 09:22:53,740 INFO: Copied text file: /Users/sap/Dropbox/Projects/HomeBase2025/hb-master/site/templates/blog.php -> /Users/sap/Dropbox/Projects/HomeBase2025/hb-master-textonly/site/templates/blog.php
2025-07-24 09:22:53,741 INFO: Copied text file: /Users/sap/Dropbox/Projects/HomeBase2025/hb-master/site/templates/base.php -> /Users/sap/Dropbox/Projects/HomeBase2025/hb-master-textonly/site/templates/base.php
2025-07-24 09:22:53,742 INFO: Copied text file: /Users/sap/Dropbox/Projects/HomeBase2025/hb-master/site/templates/location.php -> /Users/sap/Dropbox/Projects/HomeBase2025/hb-master-textonly/site/templates/location.php
2025-07-24 09:22:53,743 INFO: Copied text file: /Users/sap/Dropbox/Projects/HomeBase2025/hb-master/site/templates/press.php -> /Users/sap/Dropbox/Projects/HomeBase2025/hb-master-textonly/site/templates/press.php
2025-07-24 09:22:53,744 INFO: Copied text file: /Users/sap/Dropbox/Projects/HomeBase2025/hb-master/site/templates/about.php -> /Users/sap/Dropbox/Projects/HomeBase2025/hb-master-textonly/site/templates/about.php
2025-07-24 09:22:53,746 INFO: Copied text file: /Users/sap/Dropbox/Projects/HomeBase2025/hb-master/site/templates/default.php -> /Users/sap/Dropbox/Projects/HomeBase2025/hb-master-textonly/site/templates/default.php
2025-07-24 09:22:53,747 INFO: Copied text file: /Users/sap/Dropbox/Projects/HomeBase2025/hb-master/site/templates/article.php -> /Users/sap/Dropbox/Projects/HomeBase2025/hb-master-textonly/site/templates/article.php
2025-07-24 09:22:53,749 INFO: Copied text file: /Users/sap/Dropbox/Projects/HomeBase2025/hb-master/site/fields/fieldtoggle/fieldtoggle.php -> /Users/sap/Dropbox/Projects/HomeBase2025/hb-master-textonly/site/fields/fieldtoggle/fieldtoggle.php
2025-07-24 09:22:53,750 INFO: Copied text file: /Users/sap/Dropbox/Projects/HomeBase2025/hb-master/site/fields/fieldtoggle/README.md -> /Users/sap/Dropbox/Projects/HomeBase2025/hb-master-textonly/site/fields/fieldtoggle/README.md
2025-07-24 09:22:53,751 INFO: Copied text file: /Users/sap/Dropbox/Projects/HomeBase2025/hb-master/site/fields/fieldtoggle/package.json -> /Users/sap/Dropbox/Projects/HomeBase2025/hb-master-textonly/site/fields/fieldtoggle/package.json
2025-07-24 09:22:53,753 INFO: Copied text file: /Users/sap/Dropbox/Projects/HomeBase2025/hb-master/site/fields/fieldtoggle/languages/en.php -> /Users/sap/Dropbox/Projects/HomeBase2025/hb-master-textonly/site/fields/fieldtoggle/languages/en.php
2025-07-24 09:22:53,754 INFO: Copied text file: /Users/sap/Dropbox/Projects/HomeBase2025/hb-master/site/fields/fieldtoggle/languages/de.php -> /Users/sap/Dropbox/Projects/HomeBase2025/hb-master-textonly/site/fields/fieldtoggle/languages/de.php
2025-07-24 09:22:53,754 INFO: Creating placeholder for media: /Users/sap/Dropbox/Projects/HomeBase2025/hb-master/site/fields/fieldtoggle/preview/structure.gif -> /Users/sap/Dropbox/Projects/HomeBase2025/hb-master-textonly/site/fields/fieldtoggle/preview/structure.gif.placeholder
2025-07-24 09:22:53,755 INFO: Creating placeholder for media: /Users/sap/Dropbox/Projects/HomeBase2025/hb-master/site/fields/fieldtoggle/preview/required.gif -> /Users/sap/Dropbox/Projects/HomeBase2025/hb-master-textonly/site/fields/fieldtoggle/preview/required.gif.placeholder
2025-07-24 09:22:53,755 INFO: Creating placeholder for media: /Users/sap/Dropbox/Projects/HomeBase2025/hb-master/site/fields/fieldtoggle/preview/showimage.gif -> /Users/sap/Dropbox/Projects/HomeBase2025/hb-master-textonly/site/fields/fieldtoggle/preview/showimage.gif.placeholder
2025-07-24 09:22:53,755 INFO: Creating placeholder for media: /Users/sap/Dropbox/Projects/HomeBase2025/hb-master/site/fields/fieldtoggle/preview/multidays.gif -> /Users/sap/Dropbox/Projects/HomeBase2025/hb-master-textonly/site/fields/fieldtoggle/preview/multidays.gif.placeholder
2025-07-24 09:22:53,757 INFO: Copied text file: /Users/sap/Dropbox/Projects/HomeBase2025/hb-master/site/fields/fieldtoggle/assets/css/style.css -> /Users/sap/Dropbox/Projects/HomeBase2025/hb-master-textonly/site/fields/fieldtoggle/assets/css/style.css
2025-07-24 09:22:53,758 INFO: Copied text file: /Users/sap/Dropbox/Projects/HomeBase2025/hb-master/site/fields/fieldtoggle/assets/js/f.js -> /Users/sap/Dropbox/Projects/HomeBase2025/hb-master-textonly/site/fields/fieldtoggle/assets/js/f.js
2025-07-24 09:22:53,759 INFO: Copied text file: /Users/sap/Dropbox/Projects/HomeBase2025/hb-master/site/controllers/blog.php -> /Users/sap/Dropbox/Projects/HomeBase2025/hb-master-textonly/site/controllers/blog.php
2025-07-24 09:22:53,760 INFO: Copied text file: /Users/sap/Dropbox/Projects/HomeBase2025/hb-master/site/controllers/location.php -> /Users/sap/Dropbox/Projects/HomeBase2025/hb-master-textonly/site/controllers/location.php
2025-07-24 09:22:53,763 INFO: Copied small/unknown file: /Users/sap/Dropbox/Projects/HomeBase2025/hb-master/assets/.DS_Store -> /Users/sap/Dropbox/Projects/HomeBase2025/hb-master-textonly/assets/.DS_Store
2025-07-24 09:22:53,775 INFO: Copied text file: /Users/sap/Dropbox/Projects/HomeBase2025/hb-master/assets/css/main.min.css -> /Users/sap/Dropbox/Projects/HomeBase2025/hb-master-textonly/assets/css/main.min.css
2025-07-24 09:22:53,776 INFO: Copied text file: /Users/sap/Dropbox/Projects/HomeBase2025/hb-master/assets/css/index.css -> /Users/sap/Dropbox/Projects/HomeBase2025/hb-master-textonly/assets/css/index.css
2025-07-24 09:22:53,805 INFO: Copied text file: /Users/sap/Dropbox/Projects/HomeBase2025/hb-master/assets/css/main.css -> /Users/sap/Dropbox/Projects/HomeBase2025/hb-master-textonly/assets/css/main.css
2025-07-24 09:22:53,805 INFO: Creating placeholder for large/unknown: /Users/sap/Dropbox/Projects/HomeBase2025/hb-master/assets/css/main.min.css.map -> /Users/sap/Dropbox/Projects/HomeBase2025/hb-master-textonly/assets/css/main.min.css.map.placeholder
2025-07-24 09:22:53,808 INFO: Copied text file: /Users/sap/Dropbox/Projects/HomeBase2025/hb-master/assets/css/_elements/radio.min.css -> /Users/sap/Dropbox/Projects/HomeBase2025/hb-master-textonly/assets/css/_elements/radio.min.css
2025-07-24 09:22:53,809 INFO: Copied text file: /Users/sap/Dropbox/Projects/HomeBase2025/hb-master/assets/css/_elements/radio.css -> /Users/sap/Dropbox/Projects/HomeBase2025/hb-master-textonly/assets/css/_elements/radio.css
2025-07-24 09:22:53,813 INFO: Copied small/unknown file: /Users/sap/Dropbox/Projects/HomeBase2025/hb-master/assets/css/_elements/radio.min.css.map -> /Users/sap/Dropbox/Projects/HomeBase2025/hb-master-textonly/assets/css/_elements/radio.min.css.map
2025-07-24 09:22:53,814 INFO: Creating placeholder for media: /Users/sap/Dropbox/Projects/HomeBase2025/hb-master/assets/images/arrow-right.svg -> /Users/sap/Dropbox/Projects/HomeBase2025/hb-master-textonly/assets/images/arrow-right.svg.placeholder
2025-07-24 09:22:53,815 INFO: Creating placeholder for media: /Users/sap/Dropbox/Projects/HomeBase2025/hb-master/assets/images/arrow-left.svg -> /Users/sap/Dropbox/Projects/HomeBase2025/hb-master-textonly/assets/images/arrow-left.svg.placeholder
2025-07-24 09:22:53,816 INFO: Creating placeholder for media: /Users/sap/Dropbox/Projects/HomeBase2025/hb-master/assets/images/svg/flexbase.svg -> /Users/sap/Dropbox/Projects/HomeBase2025/hb-master-textonly/assets/images/svg/flexbase.svg.placeholder
2025-07-24 09:22:53,816 INFO: Creating placeholder for media: /Users/sap/Dropbox/Projects/HomeBase2025/hb-master/assets/images/svg/doublebase.svg -> /Users/sap/Dropbox/Projects/HomeBase2025/hb-master-textonly/assets/images/svg/doublebase.svg.placeholder
2025-07-24 09:22:53,817 INFO: Creating placeholder for media: /Users/sap/Dropbox/Projects/HomeBase2025/hb-master/assets/images/svg/singlebase.svg -> /Users/sap/Dropbox/Projects/HomeBase2025/hb-master-textonly/assets/images/svg/singlebase.svg.placeholder
2025-07-24 09:22:53,817 INFO: Creating placeholder for media: /Users/sap/Dropbox/Projects/HomeBase2025/hb-master/assets/images/svg/workbase.svg -> /Users/sap/Dropbox/Projects/HomeBase2025/hb-master-textonly/assets/images/svg/workbase.svg.placeholder
2025-07-24 09:22:53,818 INFO: Creating placeholder for media: /Users/sap/Dropbox/Projects/HomeBase2025/hb-master/assets/images/svg/meetbase.svg -> /Users/sap/Dropbox/Projects/HomeBase2025/hb-master-textonly/assets/images/svg/meetbase.svg.placeholder
2025-07-24 09:22:53,818 INFO: Creating placeholder for media: /Users/sap/Dropbox/Projects/HomeBase2025/hb-master/assets/images/svg/postbase.svg -> /Users/sap/Dropbox/Projects/HomeBase2025/hb-master-textonly/assets/images/svg/postbase.svg.placeholder
2025-07-24 09:22:53,819 INFO: Creating placeholder for media: /Users/sap/Dropbox/Projects/HomeBase2025/hb-master/assets/images/logos/hb-logo-d.svg -> /Users/sap/Dropbox/Projects/HomeBase2025/hb-master-textonly/assets/images/logos/hb-logo-d.svg.placeholder
2025-07-24 09:22:53,820 INFO: Creating placeholder for media: /Users/sap/Dropbox/Projects/HomeBase2025/hb-master/assets/images/logos/hb-logo-dw.svg -> /Users/sap/Dropbox/Projects/HomeBase2025/hb-master-textonly/assets/images/logos/hb-logo-dw.svg.placeholder
2025-07-24 09:22:53,820 INFO: Creating placeholder for media: /Users/sap/Dropbox/Projects/HomeBase2025/hb-master/assets/images/logos/hb-logo-da.svg -> /Users/sap/Dropbox/Projects/HomeBase2025/hb-master-textonly/assets/images/logos/hb-logo-da.svg.placeholder
2025-07-24 09:22:53,821 INFO: Creating placeholder for media: /Users/sap/Dropbox/Projects/HomeBase2025/hb-master/assets/images/logos/hb-logo-wd.svg -> /Users/sap/Dropbox/Projects/HomeBase2025/hb-master-textonly/assets/images/logos/hb-logo-wd.svg.placeholder
2025-07-24 09:22:53,822 INFO: Creating placeholder for media: /Users/sap/Dropbox/Projects/HomeBase2025/hb-master/assets/images/icons/favicon-16x16.png -> /Users/sap/Dropbox/Projects/HomeBase2025/hb-master-textonly/assets/images/icons/favicon-16x16.png.placeholder
2025-07-24 09:22:53,822 INFO: Creating placeholder for media: /Users/sap/Dropbox/Projects/HomeBase2025/hb-master/assets/images/icons/mstile-310x310.png -> /Users/sap/Dropbox/Projects/HomeBase2025/hb-master-textonly/assets/images/icons/mstile-310x310.png.placeholder
2025-07-24 09:22:53,823 INFO: Creating placeholder for media: /Users/sap/Dropbox/Projects/HomeBase2025/hb-master/assets/images/icons/mstile-144x144.png -> /Users/sap/Dropbox/Projects/HomeBase2025/hb-master-textonly/assets/images/icons/mstile-144x144.png.placeholder
2025-07-24 09:22:53,824 INFO: Creating placeholder for media: /Users/sap/Dropbox/Projects/HomeBase2025/hb-master/assets/images/icons/safari-pinned-tab.svg -> /Users/sap/Dropbox/Projects/HomeBase2025/hb-master-textonly/assets/images/icons/safari-pinned-tab.svg.placeholder
2025-07-24 09:22:53,825 INFO: Creating placeholder for media: /Users/sap/Dropbox/Projects/HomeBase2025/hb-master/assets/images/icons/favicon.ico -> /Users/sap/Dropbox/Projects/HomeBase2025/hb-master-textonly/assets/images/icons/favicon.ico.placeholder
2025-07-24 09:22:53,826 INFO: Creating placeholder for media: /Users/sap/Dropbox/Projects/HomeBase2025/hb-master/assets/images/icons/apple-touch-icon-120x120.png -> /Users/sap/Dropbox/Projects/HomeBase2025/hb-master-textonly/assets/images/icons/apple-touch-icon-120x120.png.placeholder
2025-07-24 09:22:53,827 INFO: Creating placeholder for media: /Users/sap/Dropbox/Projects/HomeBase2025/hb-master/assets/images/icons/favicon-196x196.png -> /Users/sap/Dropbox/Projects/HomeBase2025/hb-master-textonly/assets/images/icons/favicon-196x196.png.placeholder
2025-07-24 09:22:53,827 INFO: Creating placeholder for media: /Users/sap/Dropbox/Projects/HomeBase2025/hb-master/assets/images/icons/mstile-70x70.png -> /Users/sap/Dropbox/Projects/HomeBase2025/hb-master-textonly/assets/images/icons/mstile-70x70.png.placeholder
2025-07-24 09:22:53,832 INFO: Creating placeholder for media: /Users/sap/Dropbox/Projects/HomeBase2025/hb-master/assets/images/icons/apple-touch-icon-152x152.png -> /Users/sap/Dropbox/Projects/HomeBase2025/hb-master-textonly/assets/images/icons/apple-touch-icon-152x152.png.placeholder
2025-07-24 09:22:53,832 INFO: Creating placeholder for media: /Users/sap/Dropbox/Projects/HomeBase2025/hb-master/assets/images/icons/mstile-310x150.png -> /Users/sap/Dropbox/Projects/HomeBase2025/hb-master-textonly/assets/images/icons/mstile-310x150.png.placeholder
2025-07-24 09:22:53,833 INFO: Creating placeholder for media: /Users/sap/Dropbox/Projects/HomeBase2025/hb-master/assets/images/icons/apple-touch-icon-114x114.png -> /Users/sap/Dropbox/Projects/HomeBase2025/hb-master-textonly/assets/images/icons/apple-touch-icon-114x114.png.placeholder
2025-07-24 09:22:53,833 INFO: Creating placeholder for media: /Users/sap/Dropbox/Projects/HomeBase2025/hb-master/assets/images/icons/apple-touch-icon-76x76.png -> /Users/sap/Dropbox/Projects/HomeBase2025/hb-master-textonly/assets/images/icons/apple-touch-icon-76x76.png.placeholder
2025-07-24 09:22:53,834 INFO: Creating placeholder for media: /Users/sap/Dropbox/Projects/HomeBase2025/hb-master/assets/images/icons/favicon-128.png -> /Users/sap/Dropbox/Projects/HomeBase2025/hb-master-textonly/assets/images/icons/favicon-128.png.placeholder
2025-07-24 09:22:53,835 INFO: Creating placeholder for media: /Users/sap/Dropbox/Projects/HomeBase2025/hb-master/assets/images/icons/favicon-96x96.png -> /Users/sap/Dropbox/Projects/HomeBase2025/hb-master-textonly/assets/images/icons/favicon-96x96.png.placeholder
2025-07-24 09:22:53,836 INFO: Creating placeholder for media: /Users/sap/Dropbox/Projects/HomeBase2025/hb-master/assets/images/icons/apple-touch-icon-57x57.png -> /Users/sap/Dropbox/Projects/HomeBase2025/hb-master-textonly/assets/images/icons/apple-touch-icon-57x57.png.placeholder
2025-07-24 09:22:53,836 INFO: Creating placeholder for media: /Users/sap/Dropbox/Projects/HomeBase2025/hb-master/assets/images/icons/apple-touch-icon-72x72.png -> /Users/sap/Dropbox/Projects/HomeBase2025/hb-master-textonly/assets/images/icons/apple-touch-icon-72x72.png.placeholder
2025-07-24 09:22:53,837 INFO: Creating placeholder for media: /Users/sap/Dropbox/Projects/HomeBase2025/hb-master/assets/images/icons/mstile-150x150.png -> /Users/sap/Dropbox/Projects/HomeBase2025/hb-master-textonly/assets/images/icons/mstile-150x150.png.placeholder
2025-07-24 09:22:53,837 INFO: Creating placeholder for media: /Users/sap/Dropbox/Projects/HomeBase2025/hb-master/assets/images/icons/apple-touch-icon-60x60.png -> /Users/sap/Dropbox/Projects/HomeBase2025/hb-master-textonly/assets/images/icons/apple-touch-icon-60x60.png.placeholder
2025-07-24 09:22:53,838 INFO: Creating placeholder for media: /Users/sap/Dropbox/Projects/HomeBase2025/hb-master/assets/images/icons/apple-touch-icon-144x144.png -> /Users/sap/Dropbox/Projects/HomeBase2025/hb-master-textonly/assets/images/icons/apple-touch-icon-144x144.png.placeholder
2025-07-24 09:22:53,838 INFO: Creating placeholder for media: /Users/sap/Dropbox/Projects/HomeBase2025/hb-master/assets/images/icons/favicon-32x32.png -> /Users/sap/Dropbox/Projects/HomeBase2025/hb-master-textonly/assets/images/icons/favicon-32x32.png.placeholder
2025-07-24 09:22:53,841 INFO: Copied text file: /Users/sap/Dropbox/Projects/HomeBase2025/hb-master/assets/js/uikit-icons.min.js -> /Users/sap/Dropbox/Projects/HomeBase2025/hb-master-textonly/assets/js/uikit-icons.min.js
2025-07-24 09:22:53,842 INFO: Copied text file: /Users/sap/Dropbox/Projects/HomeBase2025/hb-master/assets/js/main.js -> /Users/sap/Dropbox/Projects/HomeBase2025/hb-master-textonly/assets/js/main.js
2025-07-24 09:22:53,845 INFO: Copied text file: /Users/sap/Dropbox/Projects/HomeBase2025/hb-master/assets/js/uikit.min.js -> /Users/sap/Dropbox/Projects/HomeBase2025/hb-master-textonly/assets/js/uikit.min.js
2025-07-24 09:22:53,846 INFO: Copied text file: /Users/sap/Dropbox/Projects/HomeBase2025/hb-master/assets/avatars/index.html -> /Users/sap/Dropbox/Projects/HomeBase2025/hb-master-textonly/assets/avatars/index.html
2025-07-24 09:22:53,847 INFO: Creating placeholder for media: /Users/sap/Dropbox/Projects/HomeBase2025/hb-master/assets/fonts/fontawesome-webfont.svg -> /Users/sap/Dropbox/Projects/HomeBase2025/hb-master-textonly/assets/fonts/fontawesome-webfont.svg.placeholder
2025-07-24 09:22:53,848 INFO: Creating placeholder for media: /Users/sap/Dropbox/Projects/HomeBase2025/hb-master/assets/fonts/FontAwesome.otf -> /Users/sap/Dropbox/Projects/HomeBase2025/hb-master-textonly/assets/fonts/FontAwesome.otf.placeholder
2025-07-24 09:22:53,848 INFO: Creating placeholder for media: /Users/sap/Dropbox/Projects/HomeBase2025/hb-master/assets/fonts/fontawesome-webfont.woff2 -> /Users/sap/Dropbox/Projects/HomeBase2025/hb-master-textonly/assets/fonts/fontawesome-webfont.woff2.placeholder
2025-07-24 09:22:53,849 INFO: Creating placeholder for media: /Users/sap/Dropbox/Projects/HomeBase2025/hb-master/assets/fonts/fontawesome-webfont.ttf -> /Users/sap/Dropbox/Projects/HomeBase2025/hb-master-textonly/assets/fonts/fontawesome-webfont.ttf.placeholder
2025-07-24 09:22:53,849 INFO: Creating placeholder for media: /Users/sap/Dropbox/Projects/HomeBase2025/hb-master/assets/fonts/fontawesome-webfont.woff -> /Users/sap/Dropbox/Projects/HomeBase2025/hb-master-textonly/assets/fonts/fontawesome-webfont.woff.placeholder
2025-07-24 09:22:53,850 INFO: Creating placeholder for media: /Users/sap/Dropbox/Projects/HomeBase2025/hb-master/assets/fonts/fontawesome-webfont.eot -> /Users/sap/Dropbox/Projects/HomeBase2025/hb-master-textonly/assets/fonts/fontawesome-webfont.eot.placeholder
2025-07-24 09:22:53,853 INFO: Creating placeholder for media: /Users/sap/Dropbox/Projects/HomeBase2025/hb-master/assets/fonts/ion/ionicons.eot -> /Users/sap/Dropbox/Projects/HomeBase2025/hb-master-textonly/assets/fonts/ion/ionicons.eot.placeholder
2025-07-24 09:22:53,855 INFO: Creating placeholder for media: /Users/sap/Dropbox/Projects/HomeBase2025/hb-master/assets/fonts/ion/ionicons.woff -> /Users/sap/Dropbox/Projects/HomeBase2025/hb-master-textonly/assets/fonts/ion/ionicons.woff.placeholder
2025-07-24 09:22:53,861 INFO: Creating placeholder for media: /Users/sap/Dropbox/Projects/HomeBase2025/hb-master/assets/fonts/ion/ionicons.ttf -> /Users/sap/Dropbox/Projects/HomeBase2025/hb-master-textonly/assets/fonts/ion/ionicons.ttf.placeholder
2025-07-24 09:22:53,861 INFO: Creating placeholder for media: /Users/sap/Dropbox/Projects/HomeBase2025/hb-master/assets/fonts/ion/ionicons.svg -> /Users/sap/Dropbox/Projects/HomeBase2025/hb-master-textonly/assets/fonts/ion/ionicons.svg.placeholder
2025-07-24 09:22:53,865 INFO: Creating placeholder for media: /Users/sap/Dropbox/Projects/HomeBase2025/hb-master/assets/fonts/rohn/35BEDB_0_0.eot -> /Users/sap/Dropbox/Projects/HomeBase2025/hb-master-textonly/assets/fonts/rohn/35BEDB_0_0.eot.placeholder
2025-07-24 09:22:53,865 INFO: Creating placeholder for media: /Users/sap/Dropbox/Projects/HomeBase2025/hb-master/assets/fonts/rohn/35BEDB_2_0.eot -> /Users/sap/Dropbox/Projects/HomeBase2025/hb-master-textonly/assets/fonts/rohn/35BEDB_2_0.eot.placeholder
2025-07-24 09:22:53,875 INFO: Creating placeholder for media: /Users/sap/Dropbox/Projects/HomeBase2025/hb-master/assets/fonts/rohn/35BEDB_4_0.eot -> /Users/sap/Dropbox/Projects/HomeBase2025/hb-master-textonly/assets/fonts/rohn/35BEDB_4_0.eot.placeholder
2025-07-24 09:22:53,877 INFO: Creating placeholder for media: /Users/sap/Dropbox/Projects/HomeBase2025/hb-master/assets/fonts/rohn/35BEDB_3_0.eot -> /Users/sap/Dropbox/Projects/HomeBase2025/hb-master-textonly/assets/fonts/rohn/35BEDB_3_0.eot.placeholder
2025-07-24 09:22:53,877 INFO: Creating placeholder for media: /Users/sap/Dropbox/Projects/HomeBase2025/hb-master/assets/fonts/rohn/35BEDB_1_0.eot -> /Users/sap/Dropbox/Projects/HomeBase2025/hb-master-textonly/assets/fonts/rohn/35BEDB_1_0.eot.placeholder
2025-07-24 09:22:53,890 INFO: Copied text file: /Users/sap/Dropbox/Projects/HomeBase2025/hb-master/assets/sass/_fonts.scss -> /Users/sap/Dropbox/Projects/HomeBase2025/hb-master-textonly/assets/sass/_fonts.scss
2025-07-24 09:22:53,891 INFO: Copied text file: /Users/sap/Dropbox/Projects/HomeBase2025/hb-master/assets/sass/_variables.scss -> /Users/sap/Dropbox/Projects/HomeBase2025/hb-master-textonly/assets/sass/_variables.scss
2025-07-24 09:22:53,892 INFO: Copied text file: /Users/sap/Dropbox/Projects/HomeBase2025/hb-master/assets/sass/_helpers.scss -> /Users/sap/Dropbox/Projects/HomeBase2025/hb-master-textonly/assets/sass/_helpers.scss
2025-07-24 09:22:53,893 INFO: Copied text file: /Users/sap/Dropbox/Projects/HomeBase2025/hb-master/assets/sass/_basics.scss -> /Users/sap/Dropbox/Projects/HomeBase2025/hb-master-textonly/assets/sass/_basics.scss
2025-07-24 09:22:53,895 INFO: Copied text file: /Users/sap/Dropbox/Projects/HomeBase2025/hb-master/assets/sass/_content.scss -> /Users/sap/Dropbox/Projects/HomeBase2025/hb-master-textonly/assets/sass/_content.scss
2025-07-24 09:22:53,897 INFO: Copied text file: /Users/sap/Dropbox/Projects/HomeBase2025/hb-master/assets/sass/main.scss -> /Users/sap/Dropbox/Projects/HomeBase2025/hb-master-textonly/assets/sass/main.scss
2025-07-24 09:22:53,906 INFO: Copied text file: /Users/sap/Dropbox/Projects/HomeBase2025/hb-master/assets/sass/_sandbox.scss -> /Users/sap/Dropbox/Projects/HomeBase2025/hb-master-textonly/assets/sass/_sandbox.scss
2025-07-24 09:22:53,910 INFO: Copied text file: /Users/sap/Dropbox/Projects/HomeBase2025/hb-master/assets/sass/_components.scss -> /Users/sap/Dropbox/Projects/HomeBase2025/hb-master-textonly/assets/sass/_components.scss
2025-07-24 09:22:53,914 INFO: Copied text file: /Users/sap/Dropbox/Projects/HomeBase2025/hb-master/assets/sass/_elements.scss -> /Users/sap/Dropbox/Projects/HomeBase2025/hb-master-textonly/assets/sass/_elements.scss
2025-07-24 09:22:53,915 INFO: Copied text file: /Users/sap/Dropbox/Projects/HomeBase2025/hb-master/assets/sass/_hbvars.scss -> /Users/sap/Dropbox/Projects/HomeBase2025/hb-master-textonly/assets/sass/_hbvars.scss
2025-07-24 09:22:53,916 INFO: Copied text file: /Users/sap/Dropbox/Projects/HomeBase2025/hb-master/assets/sass/_setup.scss -> /Users/sap/Dropbox/Projects/HomeBase2025/hb-master-textonly/assets/sass/_setup.scss
2025-07-24 09:22:53,917 INFO: Copied text file: /Users/sap/Dropbox/Projects/HomeBase2025/hb-master/assets/sass/_shame.scss -> /Users/sap/Dropbox/Projects/HomeBase2025/hb-master-textonly/assets/sass/_shame.scss
2025-07-24 09:22:53,919 INFO: Copied text file: /Users/sap/Dropbox/Projects/HomeBase2025/hb-master/assets/sass/_base.scss -> /Users/sap/Dropbox/Projects/HomeBase2025/hb-master-textonly/assets/sass/_base.scss
2025-07-24 09:22:53,920 INFO: Copied text file: /Users/sap/Dropbox/Projects/HomeBase2025/hb-master/assets/sass/_helpers/_functions.scss -> /Users/sap/Dropbox/Projects/HomeBase2025/hb-master-textonly/assets/sass/_helpers/_functions.scss
2025-07-24 09:22:53,921 INFO: Copied text file: /Users/sap/Dropbox/Projects/HomeBase2025/hb-master/assets/sass/_helpers/_mixins.scss -> /Users/sap/Dropbox/Projects/HomeBase2025/hb-master-textonly/assets/sass/_helpers/_mixins.scss
2025-07-24 09:22:53,922 INFO: Copied text file: /Users/sap/Dropbox/Projects/HomeBase2025/hb-master/assets/sass/_content/_page.scss -> /Users/sap/Dropbox/Projects/HomeBase2025/hb-master-textonly/assets/sass/_content/_page.scss
2025-07-24 09:22:53,923 INFO: Copied text file: /Users/sap/Dropbox/Projects/HomeBase2025/hb-master/assets/sass/_content/_blog.scss -> /Users/sap/Dropbox/Projects/HomeBase2025/hb-master-textonly/assets/sass/_content/_blog.scss
2025-07-24 09:22:53,924 INFO: Copied text file: /Users/sap/Dropbox/Projects/HomeBase2025/hb-master/assets/sass/_components/_cta.scss -> /Users/sap/Dropbox/Projects/HomeBase2025/hb-master-textonly/assets/sass/_components/_cta.scss
2025-07-24 09:22:53,925 INFO: Copied text file: /Users/sap/Dropbox/Projects/HomeBase2025/hb-master/assets/sass/_components/_timekit.scss -> /Users/sap/Dropbox/Projects/HomeBase2025/hb-master-textonly/assets/sass/_components/_timekit.scss
2025-07-24 09:22:53,925 INFO: Copied text file: /Users/sap/Dropbox/Projects/HomeBase2025/hb-master/assets/sass/_components/_tempslider.scss -> /Users/sap/Dropbox/Projects/HomeBase2025/hb-master-textonly/assets/sass/_components/_tempslider.scss
2025-07-24 09:22:53,926 INFO: Copied text file: /Users/sap/Dropbox/Projects/HomeBase2025/hb-master/assets/sass/_components/_amenities.scss -> /Users/sap/Dropbox/Projects/HomeBase2025/hb-master-textonly/assets/sass/_components/_amenities.scss
2025-07-24 09:22:53,927 INFO: Copied text file: /Users/sap/Dropbox/Projects/HomeBase2025/hb-master/assets/sass/_components/_laz.scss -> /Users/sap/Dropbox/Projects/HomeBase2025/hb-master-textonly/assets/sass/_components/_laz.scss
2025-07-24 09:22:53,928 INFO: Copied text file: /Users/sap/Dropbox/Projects/HomeBase2025/hb-master/assets/sass/_components/_slider.scss -> /Users/sap/Dropbox/Projects/HomeBase2025/hb-master-textonly/assets/sass/_components/_slider.scss
2025-07-24 09:22:53,929 INFO: Copied text file: /Users/sap/Dropbox/Projects/HomeBase2025/hb-master/assets/sass/_components/_footer.scss -> /Users/sap/Dropbox/Projects/HomeBase2025/hb-master-textonly/assets/sass/_components/_footer.scss
2025-07-24 09:22:53,930 INFO: Copied text file: /Users/sap/Dropbox/Projects/HomeBase2025/hb-master/assets/sass/_components/_hero.scss -> /Users/sap/Dropbox/Projects/HomeBase2025/hb-master-textonly/assets/sass/_components/_hero.scss
2025-07-24 09:22:53,931 INFO: Copied text file: /Users/sap/Dropbox/Projects/HomeBase2025/hb-master/assets/sass/_components/_level.scss -> /Users/sap/Dropbox/Projects/HomeBase2025/hb-master-textonly/assets/sass/_components/_level.scss
2025-07-24 09:22:53,932 INFO: Copied text file: /Users/sap/Dropbox/Projects/HomeBase2025/hb-master/assets/sass/_components/_cookie.scss -> /Users/sap/Dropbox/Projects/HomeBase2025/hb-master-textonly/assets/sass/_components/_cookie.scss
2025-07-24 09:22:53,933 INFO: Copied text file: /Users/sap/Dropbox/Projects/HomeBase2025/hb-master/assets/sass/_components/_gallery.scss -> /Users/sap/Dropbox/Projects/HomeBase2025/hb-master-textonly/assets/sass/_components/_gallery.scss
2025-07-24 09:22:53,935 INFO: Copied text file: /Users/sap/Dropbox/Projects/HomeBase2025/hb-master/assets/sass/_components/_meetup.scss -> /Users/sap/Dropbox/Projects/HomeBase2025/hb-master-textonly/assets/sass/_components/_meetup.scss
2025-07-24 09:22:53,936 INFO: Copied text file: /Users/sap/Dropbox/Projects/HomeBase2025/hb-master/assets/sass/_components/_maps.scss -> /Users/sap/Dropbox/Projects/HomeBase2025/hb-master-textonly/assets/sass/_components/_maps.scss
2025-07-24 09:22:53,937 INFO: Copied text file: /Users/sap/Dropbox/Projects/HomeBase2025/hb-master/assets/sass/_components/_preload.scss -> /Users/sap/Dropbox/Projects/HomeBase2025/hb-master-textonly/assets/sass/_components/_preload.scss
2025-07-24 09:22:53,942 INFO: Copied text file: /Users/sap/Dropbox/Projects/HomeBase2025/hb-master/assets/sass/_fonts/_rohn.scss -> /Users/sap/Dropbox/Projects/HomeBase2025/hb-master-textonly/assets/sass/_fonts/_rohn.scss
2025-07-24 09:22:53,944 INFO: Copied text file: /Users/sap/Dropbox/Projects/HomeBase2025/hb-master/assets/sass/_fonts/_ion.scss -> /Users/sap/Dropbox/Projects/HomeBase2025/hb-master-textonly/assets/sass/_fonts/_ion.scss
2025-07-24 09:22:53,945 INFO: Copied text file: /Users/sap/Dropbox/Projects/HomeBase2025/hb-master/assets/sass/_elements/_typography.scss -> /Users/sap/Dropbox/Projects/HomeBase2025/hb-master-textonly/assets/sass/_elements/_typography.scss
2025-07-24 09:22:53,946 INFO: Copied text file: /Users/sap/Dropbox/Projects/HomeBase2025/hb-master/assets/sass/_elements/_badges.scss -> /Users/sap/Dropbox/Projects/HomeBase2025/hb-master-textonly/assets/sass/_elements/_badges.scss
2025-07-24 09:22:53,947 INFO: Copied text file: /Users/sap/Dropbox/Projects/HomeBase2025/hb-master/assets/sass/_elements/_carousel.scss -> /Users/sap/Dropbox/Projects/HomeBase2025/hb-master-textonly/assets/sass/_elements/_carousel.scss
2025-07-24 09:22:53,948 INFO: Copied text file: /Users/sap/Dropbox/Projects/HomeBase2025/hb-master/assets/sass/_elements/_loader.scss -> /Users/sap/Dropbox/Projects/HomeBase2025/hb-master-textonly/assets/sass/_elements/_loader.scss
2025-07-24 09:22:53,950 INFO: Copied text file: /Users/sap/Dropbox/Projects/HomeBase2025/hb-master/assets/sass/_elements/_backgrounds.scss -> /Users/sap/Dropbox/Projects/HomeBase2025/hb-master-textonly/assets/sass/_elements/_backgrounds.scss
2025-07-24 09:22:53,951 INFO: Copied text file: /Users/sap/Dropbox/Projects/HomeBase2025/hb-master/assets/sass/_elements/_radio.scss -> /Users/sap/Dropbox/Projects/HomeBase2025/hb-master-textonly/assets/sass/_elements/_radio.scss
2025-07-24 09:22:53,952 INFO: Copied text file: /Users/sap/Dropbox/Projects/HomeBase2025/hb-master/assets/sass/_elements/_forms.scss -> /Users/sap/Dropbox/Projects/HomeBase2025/hb-master-textonly/assets/sass/_elements/_forms.scss
2025-07-24 09:22:53,952 INFO: Copied text file: /Users/sap/Dropbox/Projects/HomeBase2025/hb-master/assets/sass/_elements/_buttons.scss -> /Users/sap/Dropbox/Projects/HomeBase2025/hb-master-textonly/assets/sass/_elements/_buttons.scss
2025-07-24 09:22:53,953 INFO: Copied text file: /Users/sap/Dropbox/Projects/HomeBase2025/hb-master/assets/sass/_elements/_tooltips.scss -> /Users/sap/Dropbox/Projects/HomeBase2025/hb-master-textonly/assets/sass/_elements/_tooltips.scss
2025-07-24 09:22:53,954 INFO: Copied text file: /Users/sap/Dropbox/Projects/HomeBase2025/hb-master/assets/sass/_elements/_navs.scss -> /Users/sap/Dropbox/Projects/HomeBase2025/hb-master-textonly/assets/sass/_elements/_navs.scss
2025-07-24 09:22:53,955 INFO: Copied text file: /Users/sap/Dropbox/Projects/HomeBase2025/hb-master/assets/sass/_elements/_other.scss -> /Users/sap/Dropbox/Projects/HomeBase2025/hb-master-textonly/assets/sass/_elements/_other.scss
2025-07-24 09:22:53,955 INFO: Copied text file: /Users/sap/Dropbox/Projects/HomeBase2025/hb-master/assets/sass/_elements/_pagination.scss -> /Users/sap/Dropbox/Projects/HomeBase2025/hb-master-textonly/assets/sass/_elements/_pagination.scss
2025-07-24 09:22:53,956 INFO: Copied text file: /Users/sap/Dropbox/Projects/HomeBase2025/hb-master/assets/sass/_elements/_notification-bar.scss -> /Users/sap/Dropbox/Projects/HomeBase2025/hb-master-textonly/assets/sass/_elements/_notification-bar.scss
2025-07-24 09:22:53,957 INFO: Copied text file: /Users/sap/Dropbox/Projects/HomeBase2025/hb-master/assets/sass/_elements/_modals.scss -> /Users/sap/Dropbox/Projects/HomeBase2025/hb-master-textonly/assets/sass/_elements/_modals.scss
2025-07-24 09:22:53,958 INFO: Copied text file: /Users/sap/Dropbox/Projects/HomeBase2025/hb-master/assets/sass/_elements/_cards.scss -> /Users/sap/Dropbox/Projects/HomeBase2025/hb-master-textonly/assets/sass/_elements/_cards.scss
2025-07-24 09:22:53,959 INFO: Copied text file: /Users/sap/Dropbox/Projects/HomeBase2025/hb-master/assets/sass/_elements/_nav.scss -> /Users/sap/Dropbox/Projects/HomeBase2025/hb-master-textonly/assets/sass/_elements/_nav.scss
2025-07-24 09:22:53,960 INFO: Copied text file: /Users/sap/Dropbox/Projects/HomeBase2025/hb-master/assets/sass/_elements/_icons.scss -> /Users/sap/Dropbox/Projects/HomeBase2025/hb-master-textonly/assets/sass/_elements/_icons.scss
2025-07-24 09:22:53,962 INFO: Copied text file: /Users/sap/Dropbox/Projects/HomeBase2025/hb-master/assets/sass/_elements/_alerts.scss -> /Users/sap/Dropbox/Projects/HomeBase2025/hb-master-textonly/assets/sass/_elements/_alerts.scss
2025-07-24 09:22:53,963 INFO: Text-only backup extraction complete.
